emiten_code,year,date,eps,per,pbv,bvps,ebitda,roa,roe,fcf,fcf_ps,gdp_forecast,political_stability,inflation_forecast,return
ADES,2024,Q3,196.76,51.2,2.86,3525.89,149838000000.0,4.69,5.58,-8470000000.0,-14.36,5.0,17.1,2.5,-5.687203791469194
ADES,2024,Q2,173.98,60.78,3.18,3329.13,132019000000.0,4.45,5.23,39635000000.0,67.19,5.0,17.1,2.5,15.300546448087433
ADES,2024,Q1,222.76,40.85,2.88,3155.15,166225000000.0,5.81,7.06,77983000000.0,132.2,5.0,17.1,2.5,-5.426356589147287
ADES,2023,Q4,176.16,54.92,3.3,2932.39,139863000000.0,4.98,6.01,115643000000.0,196.04,4.9,17.5,3.0,-7.857142857142857
ADES,2023,Q3,180.55,58.85,3.85,2757.63,137279000000.0,5.49,6.55,107414000000.0,182.09,4.9,17.5,3.0,24.629080118694365
ADES,2023,Q2,162.64,52.11,3.29,2577.08,128082000000.0,5.19,6.31,58698000000.0,99.51,4.9,17.5,3.0,14.237288135593221
ADES,2023,Q1,151.61,48.64,3.05,2414.44,124000000000.0,5.06,6.28,97701000000.0,165.62,4.9,17.5,3.0,1.7241379310344827
ADES,2022,Q4,210.73,34.05,3.17,2262.83,188758000000.0,7.55,9.31,-119680000000.0,-202.88,5.2,15.5,3.0,1.0452961672473868
ADES,2022,Q3,141.94,50.55,3.5,2052.02,100390000000.0,5.43,6.92,14431000000.0,24.46,5.2,15.5,3.0,8.30188679245283
ADES,2022,Q2,137.89,48.41,3.49,1910.09,99251000000.0,5.53,7.22,45394000000.0,76.95,5.2,15.5,3.0,80.02717391304348
ADES,2022,Q1,128.15,28.72,2.08,1772.19,94620000000.0,5.47,7.23,56612000000.0,95.97,5.2,15.5,3.0,9.850746268656717
ADES,2021,Q4,208.35,15.79,2.0,1644.05,161516000000.0,9.42,12.67,19840000000.0,33.63,3.7,17.9,3.0,25.0
ADES,2021,Q3,89.78,29.85,1.87,1429.68,77304000000.0,4.61,6.28,74663000000.0,126.57,3.7,17.9,3.0,37.43589743589744
ADES,2021,Q2,71.91,27.12,1.46,1339.89,58761000000.0,3.98,5.37,-35266000000.0,-59.78,3.7,17.9,3.0,16.766467065868262
ADES,2021,Q1,80.47,20.75,1.32,1267.98,67405000000.0,4.67,6.35,68449000000.0,116.04,3.7,17.9,3.0,14.383561643835616
ADES,2020,Q4,104.09,14.03,1.23,1187.51,81163000000.0,6.4,8.77,63275000000.0,107.26,-2.2,18.4,3.0,29.777777777777775
ADES,2020,Q3,58.42,19.26,1.03,1088.87,65126000000.0,3.87,5.37,64993000000.0,110.18,-2.2,18.4,3.0,30.057803468208093
ADES,2020,Q2,31.72,27.27,0.84,1030.45,43591000000.0,2.29,3.08,23731000000.0,40.23,-2.2,18.4,3.0,16.89189189189189
ADES,2020,Q1,35.96,19.47,0.7,998.73,31490000000.0,2.51,3.6,73745000000.0,125.01,-2.2,18.4,3.0,-29.1866028708134
ADES,2019,Q4,62.64,16.68,1.09,962.77,68672000000.0,4.49,6.51,49077000000.0,83.2,5.1,17.5,3.5,-0.9478672985781991
ADES,2019,Q3,27.68,38.11,1.18,896.51,33864000000.0,1.85,3.09,66804000000.0,113.25,5.1,17.5,3.5,-3.211009174311927
ADES,2019,Q2,22.37,48.73,1.25,868.83,31618000000.0,1.52,2.57,38782000000.0,65.74,5.1,17.5,3.5,0.0
ADES,2019,Q1,29.51,36.94,1.29,846.46,38524000000.0,2.01,3.49,20562000000.0,34.86,5.1,17.5,3.5,18.478260869565215
ADES,2018,Q4,29.5,31.19,1.13,816.95,40483000000.0,1.97,3.61,33940000000.0,57.54,5.3,15.6,3.5,0.0
ADES,2018,Q3,23.64,38.92,1.18,777.37,40406100344.0,1.59,3.04,47808000000.0,81.04,5.3,15.6,3.5,-3.1578947368421053
ADES,2018,Q2,13.64,69.65,1.26,753.73,12974899656.0,0.93,1.81,29368000000.0,49.78,5.3,15.6,3.5,6.741573033707865
ADES,2018,Q1,22.99,39.58,1.23,740.09,32879000000.0,1.59,3.11,-2215000000.0,-3.75,5.3,15.6,3.5,0.5649717514124294
ADES,2017,Q4,25.56,34.62,1.23,717.09,0.0,1.79,3.56,11253000000.0,19.08,5.1,17.1,4.0,-10.606060606060606
ADES,2017,Q3,17.16,57.11,1.42,690.88,0.0,1.27,2.48,-12065000000.0,-20.45,5.1,17.1,4.0,-9.174311926605505
ADES,2017,Q2,3.2,337.5,1.6,673.72,0.0,0.23,0.47,5968000000.0,10.12,5.1,17.1,4.0,-9.166666666666666
ADES,2017,Q1,18.91,61.87,1.74,670.52,0.0,1.42,2.82,-14910000000.0,-25.28,5.1,17.1,4.0,20.0
ADES,2016,Q4,40.91,24.44,1.53,651.62,0.0,3.14,6.28,-62579000000.0,-106.08,5.1,21.4,4.0,-21.568627450980394
ADES,2016,Q3,16.04,81.05,2.13,610.59,0.0,1.27,2.63,2793000000.0,4.73,5.1,21.4,4.0,-1.1627906976744187
ADES,2016,Q2,12.32,104.71,2.17,594.55,0.0,0.96,2.07,17425000000.0,29.54,5.1,21.4,4.0,22.274881516587676
ADES,2016,Q1,25.57,41.06,1.8,582.22,0.0,2.33,4.39,18916000000.0,32.07,5.1,21.4,4.0,3.9408866995073892
ADES,2015,Q4,26.83,37.83,1.82,556.65,0.0,2.42,4.82,-12629000000.0,-21.41,5.2,17.1,4.0,-3.3333333333333335
ADES,2015,Q3,-2.6,-407.69,2.0,530.28,0.0,-0.25,-0.49,-38295000000.0,-64.92,5.2,17.1,4.0,-24.731182795698924
ADES,2015,Q2,10.78,129.41,2.62,532.89,0.0,1.13,2.02,-33431000000.0,-56.67,5.2,17.1,4.0,1.4545454545454546
ADES,2015,Q1,20.66,66.55,2.63,522.11,0.0,2.35,3.96,-30030000000.0,-50.91,5.2,17.1,4.0,0.0
AISA,2024,Q3,1.98,66.16,1.18,110.77,55190000000.0,0.95,1.79,130650000000.0,14.03,5.0,17.1,2.5,13.91304347826087
AISA,2024,Q2,1.93,59.59,1.06,108.27,53345000000.0,0.95,1.78,-9310000000.0,-1.0,5.0,17.1,2.5,-8.0
AISA,2024,Q1,1.17,106.84,1.18,105.82,49219000000.0,0.56,1.1,56667000000.0,6.09,5.0,17.1,2.5,-13.194444444444445
AISA,2023,Q4,0.47,306.38,1.38,104.12,52109000000.0,0.24,0.45,-9404000000.0,-1.01,4.9,17.5,3.0,23.076923076923077
AISA,2023,Q3,2.09,55.98,1.36,85.86,66490000000.0,1.11,2.43,92762000000.0,9.96,4.9,17.5,3.0,-17.6056338028169
AISA,2023,Q2,-0.77,-184.42,1.7,83.59,18100000000.0,-0.41,-0.92,-37210000000.0,-4.0,4.9,17.5,3.0,-5.333333333333334
AISA,2023,Q1,0.23,656.52,1.8,84.12,28610000000.0,0.12,0.27,12416000000.0,1.33,4.9,17.5,3.0,3.4482758620689653
AISA,2022,Q4,-2.46,-58.13,1.71,83.67,5561000000.0,-1.25,-2.94,52319000000.0,5.62,5.2,15.5,3.0,-11.585365853658537
AISA,2022,Q3,-1.56,-105.13,1.92,85.49,1947000000.0,-0.82,-1.82,-70498000000.0,-7.57,5.2,15.5,3.0,10.81081081081081
AISA,2022,Q2,-1.26,-117.46,1.71,86.51,18518000000.0,-0.65,-1.45,-40937000000.0,-4.4,5.2,15.5,3.0,-19.12568306010929
AISA,2022,Q1,-1.43,-127.97,2.11,86.82,5381000000.0,-0.74,-1.65,240000000.0,0.03,5.2,15.5,3.0,-4.6875
AISA,2021,Q4,-0.98,-195.92,2.18,88.07,-24626000000.0,-0.52,-1.12,-50244000000.0,-5.4,3.7,17.9,3.0,-4.9504950495049505
AISA,2021,Q3,0.39,517.95,2.23,90.77,6422000000.0,0.19,0.43,13031000000.0,1.4,3.7,17.9,3.0,2.0202020202020203
AISA,2021,Q2,1.3,149.23,2.15,90.2,-10384000000.0,0.62,1.44,-45817000000.0,-4.92,3.7,17.9,3.0,-28.776978417266186
AISA,2021,Q1,0.23,1191.3,3.06,89.49,18090000000.0,0.11,0.26,-57468000000.0,-6.17,3.7,17.9,3.0,-28.717948717948715
AISA,2020,Q4,135.82,2.87,4.38,89.08,-122935000000.0,62.88,152.47,30129000000.0,3.24,-2.2,18.4,3.0,80.55555555555556
AISA,2020,Q3,-5.35,-40.0,-0.74,-288.4,7287000000.0,-1.21,1.86,-25275000000.0,-5.28,-2.2,18.4,3.0,28.57142857142857
AISA,2020,Q2,-7.65,-21.96,-0.59,-283.38,-10816000000.0,-1.79,2.7,-65159000000.0,-13.61,-2.2,18.4,3.0,0.0
AISA,2020,Q1,0.84,200.0,-0.41,-410.87,27036000000.0,0.13,-0.21,1820000000.0,0.57,-2.2,18.4,3.0,0.0
AISA,2019,Q4,399.16,0.42,-0.33,-514.76,-71644000000.0,68.74,-77.54,3685000000.0,1.14,5.1,17.5,3.5,0.0
AISA,2019,Q3,-27.7,-6.06,-0.15,-1118.32,20527000000.0,-5.03,2.48,17723000000.0,5.51,5.1,17.5,3.5,0.0
AISA,2019,Q2,-15.58,-10.78,-0.15,-1090.61,12191000000.0,-2.85,1.43,-5525000000.0,-1.72,5.1,17.5,3.5,0.0
AISA,2019,Q1,-3.43,-48.98,-0.16,-1075.04,11249000000.0,-0.62,0.32,-3700000000.0,-1.15,5.1,17.5,3.5,0.0
AISA,2018,Q4,-1.53,-109.8,-0.16,-1071.61,138370100344.0,-0.27,0.14,126306000000.0,39.24,5.3,15.6,3.5,0.0
AISA,2018,Q3,-5.38,-31.23,-0.16,-1071.67,0.0,-0.93,0.5,-164765000000.0,-51.19,5.3,15.6,3.5,-31.147540983606557
AISA,2018,Q2,-21.82,-11.18,-0.23,-1067.88,-8658100344.0,-3.95,2.04,328610000000.0,102.1,5.3,15.6,3.5,-61.875
AISA,2018,Q1,-9.62,-66.53,-0.61,-1047.65,0.0,-1.74,0.92,-11585000000.0,-3.6,5.3,15.6,3.5,34.45378151260504
AISA,2017,Q4,-1679.8,-0.28,-0.46,-1039.62,0.0,-272.79,161.58,153866000000.0,47.81,5.1,17.1,4.0,-48.817204301075265
AISA,2017,Q3,-5.46,-170.33,0.73,1277.45,0.0,-0.18,-0.43,-80037000000.0,-24.87,5.1,17.1,4.0,-44.14414414414414
AISA,2017,Q2,27.2,61.21,1.3,1282.91,0.0,0.89,2.12,292778000000.0,90.96,5.1,17.1,4.0,-24.31818181818182
AISA,2017,Q1,32.17,68.08,1.74,1257.22,0.0,1.11,2.56,366817000000.0,113.97,5.1,17.1,4.0,13.110539845758353
AISA,2016,Q4,77.18,25.2,1.59,1225.05,0.0,2.68,6.3,183187000000.0,56.92,5.1,21.4,4.0,-2.75
AISA,2016,Q3,27.68,70.45,1.7,1149.18,0.0,1.03,2.41,130177000000.0,40.45,5.1,21.4,4.0,25.78616352201258
AISA,2016,Q2,41.32,38.48,1.42,1121.96,0.0,1.65,3.68,2801000000.0,0.87,5.1,21.4,4.0,34.177215189873415
AISA,2016,Q1,38.21,31.01,1.09,1084.96,0.0,1.32,3.52,83312000000.0,25.88,5.1,21.4,4.0,-2.066115702479339
AISA,2015,Q4,21.32,56.75,1.16,1046.75,0.0,0.76,2.04,-13052000000.0,-4.06,5.2,17.1,4.0,-15.972222222222221
AISA,2015,Q3,18.28,79.32,1.41,1026.35,0.0,0.69,1.78,187075000000.0,58.12,5.2,17.1,4.0,-22.994652406417114
AISA,2015,Q2,22.37,83.59,1.86,1008.07,0.0,0.87,2.22,-163354000000.0,-50.75,5.2,17.1,4.0,-10.739856801909307
AISA,2015,Q1,38.52,54.39,2.13,985.7,0.0,1.61,3.91,15176000000.0,4.72,5.2,17.1,4.0,0.0
ALTO,2024,Q3,-6.72,-2.38,0.12,136.07,-17018172514.0,-1.58,-4.94,855662730.0,0.39,5.0,17.1,2.5,45.45454545454545
ALTO,2024,Q2,-3.96,-2.78,0.08,142.8,-5686186257.0,-0.91,-2.77,-4327412309.0,-1.97,5.0,17.1,2.5,-64.51612903225806
ALTO,2024,Q1,-0.94,-36.17,0.23,146.77,4167437853.0,-0.21,-0.64,-842764569.0,-0.38,5.0,17.1,2.5,-38.0
ALTO,2023,Q4,-7.8,-6.41,0.34,147.04,-2112109293.0,-1.74,-5.3,-3615798221.0,-1.65,4.9,17.5,3.0,0.0
ALTO,2023,Q3,-1.14,-43.86,0.32,155.18,14241476919.0,-0.25,-0.73,-5184470938.0,-2.37,4.9,17.5,3.0,0.0
ALTO,2023,Q2,-1.57,-31.85,0.32,156.32,3405111759.0,-0.34,-1.01,-114403216.0,-0.05,4.9,17.5,3.0,0.0
ALTO,2023,Q1,-1.28,-39.06,0.32,157.9,4673468763.0,-0.28,-0.81,4682604963.0,2.14,4.9,17.5,3.0,0.0
ALTO,2022,Q4,-9.09,-5.5,0.31,159.19,-5869264002.0,-1.95,-5.71,-14308553402.0,-6.53,5.2,15.5,3.0,-72.37569060773481
ALTO,2022,Q3,1.87,96.79,1.08,167.77,9193658378.0,0.38,1.12,25522820077.0,11.64,5.2,15.5,3.0,-9.045226130653267
ALTO,2022,Q2,-0.06,-3316.67,1.2,165.9,10414440893.0,-0.01,-0.04,-3471447890.0,-1.58,5.2,15.5,3.0,-8.715596330275229
ALTO,2022,Q1,-0.04,-5450.0,1.31,165.96,8612979540.0,-0.01,-0.02,-10519986655.0,-4.8,5.2,15.5,3.0,-22.142857142857142
ALTO,2021,Q4,-1.07,-261.68,1.69,165.99,8456005470.0,-0.22,-0.65,7525339487.0,3.43,3.7,17.9,3.0,-13.580246913580247
ALTO,2021,Q3,-1.36,-236.76,1.93,167.13,5318212977.0,-0.27,-0.82,17922856314.0,8.18,3.7,17.9,3.0,-12.432432432432433
ALTO,2021,Q2,-1.1,-336.36,2.2,168.49,7074865077.0,-0.22,-0.66,-511931285.0,-0.23,3.7,17.9,3.0,2.7777777777777777
ALTO,2021,Q1,-0.52,-692.31,2.12,169.6,6143227612.0,-0.1,-0.31,-9975800775.0,-4.55,3.7,17.9,3.0,16.883116883116884
ALTO,2020,Q4,-1.01,-304.95,1.81,170.12,7027547488.0,-0.2,-0.6,8039921034.0,3.67,-2.2,18.4,3.0,9.219858156028367
ALTO,2020,Q3,1.26,238.1,1.77,169.92,11582458602.0,0.25,0.74,6597884679.0,3.01,-2.2,18.4,3.0,-26.94300518134715
ALTO,2020,Q2,-3.49,-110.6,2.29,168.65,123889746.0,-0.7,-2.07,6278636586.0,2.86,-2.2,18.4,3.0,2.1164021164021163
ALTO,2020,Q1,-1.54,-258.44,2.31,172.15,5662435567.0,-0.31,-0.9,4280759308.0,1.95,-2.2,18.4,3.0,-5.025125628140704
ALTO,2019,Q4,1.45,274.48,2.29,173.7,8950924618.0,0.29,0.84,48996406988.0,22.35,5.1,17.5,3.5,10.555555555555555
ALTO,2019,Q3,-2.02,-188.12,2.21,171.77,6505863112.0,-0.4,-1.17,-2632624668.0,-1.2,5.1,17.5,3.5,-7.6923076923076925
ALTO,2019,Q2,-2.72,-143.38,2.24,173.8,3891752766.0,-0.54,-1.56,-22200125989.0,-10.13,5.1,17.5,3.5,-1.5151515151515151
ALTO,2019,Q1,-0.08,-4950.0,2.24,176.53,5479951544.0,-0.02,-0.05,673728732.0,0.31,5.1,17.5,3.5,-1.0
ALTO,2018,Q4,1.88,212.77,2.26,176.62,7826730255.0,0.37,1.06,-12120650926.0,-5.53,5.3,15.6,3.5,0.0
ALTO,2018,Q3,-3.31,-120.85,2.29,174.34,5885030300.0,-0.67,-1.9,9261552842.0,4.23,5.3,15.6,3.5,3.6269430051813467
ALTO,2018,Q2,-7.44,-52.42,2.2,177.67,-8325191482.0,-1.49,-4.19,-5666499542.0,-2.59,5.3,15.6,3.5,4.324324324324325
ALTO,2018,Q1,-6.12,-60.46,2.0,185.15,4301013981.0,-1.21,-3.31,-8093104844.0,-3.69,5.3,15.6,3.5,-4.639175257731959
ALTO,2017,Q4,-17.43,-22.26,2.03,191.29,0.0,-3.44,-9.11,-19554729705.0,-8.92,5.1,17.1,4.0,29.333333333333332
ALTO,2017,Q3,-3.36,-89.29,1.44,208.9,0.0,-0.65,-1.61,5900185245.0,2.69,5.1,17.1,4.0,-6.25
ALTO,2017,Q2,-6.71,-47.69,1.51,212.23,0.0,-1.25,-3.16,-12457180396.0,-5.68,5.1,17.1,4.0,-1.2345679012345678
ALTO,2017,Q1,-0.98,-328.57,1.47,218.92,0.0,-0.18,-0.45,-5726090157.0,-2.62,5.1,17.1,4.0,-1.8181818181818181
ALTO,2016,Q4,-13.58,-24.3,1.5,219.9,0.0,-2.55,-6.18,-15567966647.0,-7.12,5.1,21.4,4.0,0.6097560975609756
ALTO,2016,Q3,0.75,440.0,1.45,228.2,0.0,0.14,0.33,28075585902.0,12.84,5.1,21.4,4.0,-0.6060606060606061
ALTO,2016,Q2,0.51,647.06,1.42,232.6,0.0,0.1,0.22,248132871.0,0.11,5.1,21.4,4.0,1.2269938650306749
ALTO,2016,Q1,0.24,1350.0,1.4,232.09,0.0,0.05,0.1,-30445837739.0,-13.92,5.1,21.4,4.0,0.3076923076923077
ALTO,2015,Q4,-0.09,-3611.11,1.4,231.86,0.0,-0.02,-0.04,6510416809.0,2.98,5.2,17.1,4.0,0.0
ALTO,2015,Q3,-5.9,-55.08,1.4,232.54,0.0,-1.09,-2.54,-22655257053.0,-10.36,5.2,17.1,4.0,-8.192090395480225
ALTO,2015,Q2,-3.3,-107.27,1.48,238.47,0.0,-0.61,-1.38,-45660527162.0,-20.88,5.2,17.1,4.0,2.0172910662824206
ALTO,2015,Q1,-1.82,-190.66,1.44,241.78,0.0,-0.34,-0.75,-18059236553.0,-8.26,5.2,17.1,4.0,-1.4204545454545454
BTEK,2024,Q3,0.22,18.18,0.17,23.56,8404273749.0,0.25,0.93,33995272251.0,0.73,5.0,17.1,2.5,100.0
BTEK,2024,Q2,-0.53,-1.89,0.04,23.06,-4113807318.0,-0.58,-2.31,-137953837129.0,-2.98,5.0,17.1,2.5,-93.54838709677419
BTEK,2024,Q1,-0.25,-136.0,1.43,23.72,6029663845.0,-0.27,-1.04,183379266255.0,3.96,5.0,17.1,2.5,-38.0
BTEK,2023,Q4,-0.67,-74.63,2.09,23.92,-2283169227.0,-0.77,-2.82,15807581054.0,0.34,4.9,17.5,3.0,0.0
BTEK,2023,Q3,-0.63,-79.37,2.07,24.17,26955439188.0,-0.71,-2.6,40848227166.0,0.88,4.9,17.5,3.0,0.0
BTEK,2023,Q2,-1.02,-49.02,2.01,24.88,-18863931791.0,-1.18,-4.1,8187692421.0,0.18,4.9,17.5,3.0,0.0
BTEK,2023,Q1,-0.14,-357.14,1.93,25.87,24226801441.0,-0.17,-0.56,6537337150.0,0.14,4.9,17.5,3.0,0.0
BTEK,2022,Q4,-0.62,-80.65,1.92,25.99,263666364.0,-0.69,-2.39,199462000894.0,4.31,5.2,15.5,3.0,0.0
BTEK,2022,Q3,-0.18,-277.78,1.57,31.87,2166444643.0,-0.19,-0.55,-3902980672.0,-0.08,5.2,15.5,3.0,0.0
BTEK,2022,Q2,-1.09,-45.87,1.57,31.87,6916189365.0,-1.19,-3.42,-10300191076.0,-0.22,5.2,15.5,3.0,0.0
BTEK,2022,Q1,-1.0,-50.0,1.53,32.77,1574265719.0,-1.11,-3.04,-162860069530.0,-3.52,5.2,15.5,3.0,0.0
BTEK,2021,Q4,0.2,250.0,1.48,33.74,95430054.0,0.22,0.59,5476458556.0,0.12,3.7,17.9,3.0,0.0
BTEK,2021,Q3,-1.03,-48.54,1.49,33.57,-3081082686.0,-1.14,-3.08,3150518453.0,0.07,3.7,17.9,3.0,0.0
BTEK,2021,Q2,-0.96,-52.08,1.44,34.71,-12306286892.0,-1.04,-2.76,273220443.0,0.01,3.7,17.9,3.0,0.0
BTEK,2021,Q1,-0.51,-98.04,1.4,35.72,18906373088.0,-0.54,-1.42,-1539697219.0,-0.03,3.7,17.9,3.0,0.0
BTEK,2020,Q4,-2.97,-16.84,1.39,35.92,-229058304176.0,-3.25,-8.27,228760817912.0,4.94,-2.2,18.4,3.0,0.0
BTEK,2020,Q3,0.0,0.0,0.0,0.0,-121213077481.0,-4.54,-12.38,-86185486705.0,0.0,-2.2,18.4,3.0,0.0
BTEK,2020,Q2,0.0,0.0,0.0,0.0,12159592174.0,-2.8,-7.21,454535335512.0,0.0,-2.2,18.4,3.0,0.0
BTEK,2020,Q1,0.0,0.0,0.0,0.0,5005184075.0,0.02,0.05,-599530939432.0,0.0,-2.2,18.4,3.0,0.0
BTEK,2019,Q4,0.0,0.0,0.0,0.0,-23233359244.0,-1.7,-3.94,28554394267.0,0.0,5.1,17.5,3.5,-26.47058823529412
BTEK,2019,Q3,0.0,0.0,0.0,0.0,22447187682.0,0.01,0.01,-12002705675.0,0.0,5.1,17.5,3.5,-38.73873873873874
BTEK,2019,Q2,0.0,0.0,0.0,0.0,12548938527.0,-0.0,-0.01,-44614108577.0,0.0,5.1,17.5,3.5,-17.77777777777778
BTEK,2019,Q1,0.0,0.0,0.0,0.0,42897850820.0,0.01,0.02,15098616063.0,0.0,5.1,17.5,3.5,-10.0
BTEK,2018,Q4,0.0,0.0,0.0,0.0,-26374280819.0,-0.37,-0.84,232814741338.0,0.0,5.3,15.6,3.5,25.0
BTEK,2018,Q3,0.0,0.0,0.0,0.0,48481499364.0,0.11,0.25,-387111758909.0,0.0,5.3,15.6,3.5,-20.0
BTEK,2018,Q2,0.0,0.0,0.0,0.0,18703073562.0,1.51,3.6,-45283228031.0,0.0,5.3,15.6,3.5,-1.3157894736842104
BTEK,2018,Q1,0.0,0.0,0.0,0.0,42781628506.0,0.16,0.43,-1850949266.0,0.0,5.3,15.6,3.5,8.571428571428571
BTEK,2017,Q4,0.0,0.0,0.0,0.0,0.0,-0.58,-1.52,-90293010626.0,0.0,5.1,17.1,4.0,-12.5
BTEK,2017,Q3,0.0,0.0,0.0,0.0,0.0,-0.02,-0.06,825081908.0,0.0,5.1,17.1,4.0,28.000000000000004
BTEK,2017,Q2,1.18,813.56,3.6,266.81,0.0,0.14,0.44,-102010128492.0,-17.63,5.1,17.1,4.0,0.0
BTEK,2017,Q1,-1.07,-942.06,3.79,265.65,0.0,-0.13,-0.4,23700383660.0,4.1,5.1,17.1,4.0,-18.69918699186992
BTEK,2016,Q4,0.02,59200.0,4.43,267.34,0.0,0.0,0.01,27877283576.0,4.82,5.1,21.4,4.0,15.492957746478872
BTEK,2016,Q3,0.52,2169.23,1.37,821.49,0.0,0.06,0.06,-16237701427.0,-2.81,5.1,21.4,4.0,3.2465764792471554
BTEK,2016,Q2,-1.24,-780.65,15.12,64.0,0.0,-0.27,-1.93,-36666865216.0,-33.24,5.1,21.4,4.0,-15.932202726782549
BTEK,2016,Q1,-0.09,-13066.67,18.02,65.26,0.0,-0.02,-0.14,3862475774.0,3.5,5.1,21.4,4.0,-18.055525131525307
BTEK,2015,Q4,0.8,1800.0,22.04,65.35,0.0,0.18,1.22,-15457240306.0,-14.01,5.2,17.1,4.0,26.315785921713196
BTEK,2015,Q3,0.82,1395.12,17.91,63.87,0.0,0.19,1.29,-2893139551.0,-2.62,5.2,17.1,4.0,18.749939894021143
BTEK,2015,Q2,-2.92,-326.03,14.68,64.84,0.0,-0.7,-4.51,-1998315996.0,-1.81,5.2,17.1,4.0,0.0
BTEK,2015,Q1,1.76,550.0,14.75,65.62,0.0,0.43,2.69,2441587349.0,2.21,5.2,17.1,4.0,-4.761846609448274
BUDI,2024,Q3,4.33,53.58,0.7,333.41,77194000000.0,0.53,1.3,40893000000.0,9.09,5.0,17.1,2.5,-16.666666666666664
BUDI,2024,Q2,2.39,116.32,0.84,329.08,112531000000.0,0.28,0.73,62884000000.0,13.98,5.0,17.1,2.5,-0.7194244604316548
BUDI,2024,Q1,4.62,60.17,0.84,330.69,114511000000.0,0.59,1.4,-102383000000.0,-22.76,5.0,17.1,2.5,0.0
BUDI,2023,Q4,6.47,42.97,0.85,326.07,123492000000.0,0.88,1.99,-10804000000.0,-2.4,4.9,17.5,3.0,9.448818897637794
BUDI,2023,Q3,4.8,52.92,0.84,304.0,101639000000.0,0.68,1.58,88482000000.0,19.67,4.9,17.5,3.0,8.547008547008547
BUDI,2023,Q2,3.52,66.48,0.78,299.2,103708000000.0,0.5,1.18,95632000000.0,21.26,4.9,17.5,3.0,13.592233009708737
BUDI,2023,Q1,7.61,27.07,0.68,303.68,122801000000.0,1.06,2.51,-81550000000.0,-18.13,4.9,17.5,3.0,-9.649122807017543
BUDI,2022,Q4,5.58,40.5,0.76,296.06,101356000000.0,0.79,1.88,-126806000000.0,-28.19,5.2,15.5,3.0,10.679611650485436
BUDI,2022,Q3,6.06,33.0,0.69,290.43,113787000000.0,0.89,2.09,59485000000.0,13.22,5.2,15.5,3.0,-9.649122807017543
BUDI,2022,Q2,1.38,171.01,0.81,292.36,84313000000.0,0.2,0.47,13536000000.0,3.01,5.2,15.5,3.0,6.5420560747663545
BUDI,2022,Q1,6.74,31.45,0.73,290.98,121748000000.0,0.98,2.32,-24783000000.0,-5.51,5.2,15.5,3.0,19.553072625698324
BUDI,2021,Q4,4.41,40.59,0.63,284.23,90133000000.0,0.66,1.55,2400000000.0,0.53,3.7,17.9,3.0,5.294117647058823
BUDI,2021,Q3,3.84,44.27,0.61,279.63,101280000000.0,0.57,1.37,94694000000.0,21.05,3.7,17.9,3.0,5.590062111801243
BUDI,2021,Q2,3.81,42.26,0.57,281.79,102058000000.0,0.58,1.35,30304000000.0,6.74,3.7,17.9,3.0,49.074074074074076
BUDI,2021,Q1,6.45,16.59,0.38,277.98,123623000000.0,0.97,2.32,9650000000.0,2.14,3.7,17.9,3.0,9.090909090909092
BUDI,2020,Q4,9.78,10.12,0.36,271.53,122313000000.0,1.49,3.6,-43113000000.0,-9.58,-2.2,18.4,3.0,5.319148936170213
BUDI,2020,Q3,1.13,82.3,0.35,262.46,86792000000.0,0.17,0.43,42921000000.0,9.54,-2.2,18.4,3.0,9.30232558139535
BUDI,2020,Q2,1.49,57.72,0.32,267.33,76381000000.0,0.23,0.56,52683000000.0,11.71,-2.2,18.4,3.0,2.380952380952381
BUDI,2020,Q1,1.49,55.7,0.31,265.84,101522000000.0,0.23,0.56,74999000000.0,16.67,-2.2,18.4,3.0,-18.446601941747574
BUDI,2019,Q4,5.56,18.53,0.39,264.35,96781000000.0,0.83,2.1,96544000000.0,21.46,5.1,17.5,3.5,3.0
BUDI,2019,Q3,3.53,28.33,0.39,256.13,112590000000.0,0.5,1.38,-5127000000.0,-1.14,5.1,17.5,3.5,-4.761904761904762
BUDI,2019,Q2,2.22,47.3,0.42,252.63,101450000000.0,0.32,0.88,43052000000.0,9.57,5.1,17.5,3.5,6.0606060606060606
BUDI,2019,Q1,2.29,43.23,0.39,255.28,92836000000.0,0.31,0.9,69247000000.0,15.39,5.1,17.5,3.5,3.125
BUDI,2018,Q4,4.48,21.43,0.38,252.85,83434000000.0,0.59,1.77,-150104000000.0,-33.36,5.3,15.6,3.5,-9.433962264150944
BUDI,2018,Q3,2.77,37.55,0.42,248.09,139939100344.0,0.38,1.12,5385000000.0,1.2,5.3,15.6,3.5,-4.504504504504505
BUDI,2018,Q2,2.27,48.46,0.45,245.55,30991899656.0,0.34,0.92,-21552000000.0,-4.79,5.3,15.6,3.5,-15.267175572519085
BUDI,2018,Q1,1.17,107.69,0.51,247.3,71026000000.0,0.18,0.47,42615000000.0,9.47,5.3,15.6,3.5,39.361702127659576
BUDI,2017,Q4,1.71,54.97,0.38,246.32,0.0,0.26,0.7,-50539000000.0,-11.23,5.1,17.1,4.0,-2.083333333333333
BUDI,2017,Q3,1.6,59.38,0.39,245.28,0.0,0.25,0.65,1555000000.0,0.35,5.1,17.1,4.0,0.0
BUDI,2017,Q2,2.62,36.64,0.39,243.81,0.0,0.41,1.08,90492000000.0,20.11,5.1,17.1,4.0,-4.0
BUDI,2017,Q1,3.2,30.94,0.41,243.77,0.0,0.49,1.31,-92433000000.0,-20.55,5.1,17.1,4.0,14.942528735632186
BUDI,2016,Q4,0.78,111.54,0.36,240.71,0.0,0.12,0.33,-4078000000.0,-0.91,5.1,21.4,4.0,-2.247191011235955
BUDI,2016,Q3,1.19,74.79,0.38,235.29,0.0,0.18,0.51,-23141000000.0,-5.14,5.1,21.4,4.0,23.61111111111111
BUDI,2016,Q2,2.54,28.35,0.31,233.96,0.0,0.36,1.09,-27293000000.0,-6.07,5.1,21.4,4.0,0.0
BUDI,2016,Q1,2.96,23.65,0.3,231.39,0.0,0.4,1.28,223281000000.0,49.63,5.1,21.4,4.0,14.285714285714285
BUDI,2015,Q4,0.98,64.29,0.28,228.51,0.0,0.14,0.43,183355000000.0,40.75,5.2,17.1,4.0,-12.5
BUDI,2015,Q3,0.96,77.08,0.37,200.39,0.0,0.15,0.48,-369747000000.0,-82.18,5.2,17.1,4.0,-18.181818181818183
BUDI,2015,Q2,1.68,52.38,0.44,199.72,0.0,0.26,0.84,100322000000.0,22.3,5.2,17.1,4.0,-6.382978723404255
BUDI,2015,Q1,0.81,116.05,0.46,205.32,0.0,0.13,0.39,-15929000000.0,-3.89,5.2,17.1,4.0,-12.149532710280374
CEKA,2024,Q3,124.81,16.75,0.69,3026.64,100377149296.0,3.32,4.12,10244458109.0,17.22,5.0,17.1,2.5,11.466666666666667
CEKA,2024,Q2,157.09,11.9,0.64,2901.82,115501035517.0,4.06,5.41,28997096839.0,48.73,5.0,17.1,2.5,-1.832460732984293
CEKA,2024,Q1,84.58,22.35,0.66,2844.73,64240434762.0,2.36,2.97,25065080256.0,42.13,5.0,17.1,2.5,3.523035230352303
CEKA,2023,Q4,52.92,34.86,0.67,2760.14,46339305739.0,1.66,1.92,135019766085.0,226.92,4.9,17.5,3.0,-2.8947368421052633
CEKA,2023,Q3,83.72,22.04,0.68,2710.3,62487205628.0,2.55,3.09,267106013770.0,448.92,4.9,17.5,3.0,-3.061224489795918
CEKA,2023,Q2,2.15,904.65,0.74,2626.58,8294945212.0,0.06,0.08,194940613393.0,327.63,4.9,17.5,3.0,-2.9702970297029703
CEKA,2023,Q1,119.32,16.93,0.74,2724.43,98507423828.0,3.75,4.38,-65194998332.0,-109.57,4.9,17.5,3.0,2.0202020202020203
CEKA,2022,Q4,134.21,14.75,0.76,2605.11,102461252169.0,4.65,5.15,61521234999.0,103.4,5.2,15.5,3.0,-12.0
CEKA,2022,Q3,-67.37,-32.51,0.89,2468.43,-48977124613.0,-2.32,-2.73,116510457968.0,195.82,5.2,15.5,3.0,-7.4074074074074066
CEKA,2022,Q2,139.43,17.36,0.92,2635.8,111971250504.0,4.24,5.29,-40121317482.0,-67.43,5.2,15.5,3.0,30.29490616621984
CEKA,2022,Q1,164.67,11.3,0.75,2496.38,130457315992.0,5.39,6.6,-185576027453.0,-311.89,5.2,15.5,3.0,-1.3227513227513228
CEKA,2021,Q4,96.64,19.4,0.8,2331.71,76934420681.0,3.39,4.14,-86151391801.0,-144.79,3.7,17.9,3.0,5.2924791086350975
CEKA,2021,Q3,89.78,19.99,0.8,2236.61,71638383645.0,3.38,4.01,23925986031.0,40.21,3.7,17.9,3.0,1.1267605633802817
CEKA,2021,Q2,45.52,39.1,0.83,2146.83,22858231180.0,1.82,2.12,13714410082.0,23.05,3.7,17.9,3.0,-4.054054054054054
CEKA,2021,Q1,82.47,22.43,0.84,2201.31,64694467197.0,3.1,3.75,-98522404445.0,-165.58,3.7,17.9,3.0,3.6414565826330536
CEKA,2020,Q4,123.62,14.44,0.84,2118.85,86760610598.0,4.69,5.83,37660432827.0,63.29,-2.2,18.4,3.0,6.567164179104477
CEKA,2020,Q3,81.41,20.57,0.84,1995.23,58112446472.0,3.5,4.08,-46877981661.0,-78.79,-2.2,18.4,3.0,-16.25
CEKA,2020,Q2,0.97,2056.7,0.99,2013.82,4411270154.0,0.04,0.05,-5708792250.0,-9.59,-2.2,18.4,3.0,62.601626016260155
CEKA,2020,Q1,111.52,10.76,0.6,2012.85,79769373951.0,4.64,5.54,152840963894.0,256.88,-2.2,18.4,3.0,-26.34730538922156
CEKA,2019,Q4,139.6,11.96,0.88,1901.34,110912570598.0,5.96,7.34,106226164713.0,178.53,5.1,17.5,3.5,11.333333333333332
CEKA,2019,Q3,65.54,22.89,0.85,1761.74,52607283171.0,3.13,3.72,161629943401.0,271.65,5.1,17.5,3.5,-2.2801302931596092
CEKA,2019,Q2,54.82,27.82,0.9,1696.2,46722217493.0,2.66,3.23,32680353207.0,54.92,5.1,17.5,3.5,45.497630331753555
CEKA,2019,Q1,99.95,10.56,0.61,1741.38,85053356032.0,4.79,5.74,133672115391.0,224.66,5.1,17.5,3.5,-23.272727272727273
CEKA,2018,Q4,99.5,13.82,0.84,1641.42,75825844978.0,5.06,6.06,81526815654.0,137.02,5.3,15.6,3.5,26.72811059907834
CEKA,2018,Q3,33.48,32.41,0.7,1541.93,34606881339.0,1.64,2.17,139704160091.0,234.8,5.3,15.6,3.5,-4.824561403508771
CEKA,2018,Q2,9.22,120.39,0.74,1508.49,17578706755.0,0.42,0.61,46839159298.0,78.72,5.3,15.6,3.5,-13.636363636363635
CEKA,2018,Q1,26.5,49.81,0.85,1544.22,30034371845.0,1.06,1.72,6377731757.0,10.72,5.3,15.6,3.5,2.3255813953488373
CEKA,2017,Q4,49.14,26.25,0.85,1517.72,0.0,2.1,3.24,33157144009.0,55.73,5.1,17.1,4.0,-7.194244604316546
CEKA,2017,Q3,66.05,21.2,0.95,1468.58,0.0,3.0,4.5,52029465787.0,87.44,5.1,17.1,4.0,-16.516516516516518
CEKA,2017,Q2,2.47,674.09,1.19,1402.53,0.0,0.11,0.18,-125891162668.0,-211.58,5.1,17.1,4.0,-23.972602739726025
CEKA,2017,Q1,57.76,37.57,1.4,1552.87,0.0,2.64,3.72,226907567520.0,381.36,5.1,17.1,4.0,62.22222222222222
CEKA,2016,Q4,53.35,25.3,0.9,1492.3,0.0,2.23,3.58,-52622520030.0,-88.44,5.1,21.4,4.0,4.651162790697675
CEKA,2016,Q3,136.24,9.17,0.87,1438.95,0.0,5.74,9.47,33630801180.0,56.52,5.1,21.4,4.0,32.98969072164948
CEKA,2016,Q2,99.76,9.77,0.75,1302.71,0.0,3.98,7.66,104526654131.0,175.68,5.1,21.4,4.0,40.57971014492754
CEKA,2016,Q1,127.5,5.41,0.57,1202.95,0.0,5.61,10.6,73313631594.0,123.22,5.1,21.4,4.0,2.2222222222222223
CEKA,2015,Q4,51.01,13.23,0.63,1075.45,0.0,2.04,4.74,311374055115.0,523.32,5.2,17.1,4.0,5.46875
CEKA,2015,Q3,33.57,18.62,0.61,1024.45,0.0,1.24,3.28,-236504122250.0,-397.49,5.2,17.1,4.0,-1.5384615384615385
CEKA,2015,Q2,93.03,15.8,0.74,1981.75,0.0,2.11,4.69,-48745644360.0,-163.85,5.2,17.1,4.0,-7.473309608540925
CEKA,2015,Q1,81.82,18.46,0.8,1888.72,0.0,1.92,4.33,122626472445.0,412.19,5.2,17.1,4.0,-6.333333333333334
DLTA,2024,Q3,35.62,69.06,2.44,1008.43,37850613000.0,2.58,3.53,26311613000.0,32.86,5.0,17.1,2.5,-12.142857142857142
DLTA,2024,Q2,37.68,73.78,2.86,972.81,32261344000.0,2.77,3.87,73912707000.0,92.31,5.0,17.1,2.5,-17.159763313609467
DLTA,2024,Q1,53.8,63.2,2.8,1216.13,49988444000.0,3.44,4.42,43150084000.0,53.89,5.0,17.1,2.5,-4.2492917847025495
DLTA,2023,Q4,52.76,66.91,3.04,1162.33,50697574000.0,3.5,4.54,11468715000.0,14.32,4.9,17.5,3.0,-3.551912568306011
DLTA,2023,Q3,62.21,58.67,3.27,1116.76,59809051000.0,4.21,5.57,-4545938000.0,-5.68,4.9,17.5,3.0,-3.684210526315789
DLTA,2023,Q2,60.18,63.14,3.6,1054.55,55446751000.0,4.11,5.71,30725185000.0,38.37,4.9,17.5,3.0,-5.0
DLTA,2023,Q1,73.51,54.69,3.05,1319.37,70478609000.0,4.3,5.57,81205914000.0,101.42,4.9,17.5,3.0,4.43864229765013
DLTA,2022,Q4,60.51,63.3,3.07,1245.86,56840097000.0,3.71,4.86,60941670000.0,76.11,5.2,15.5,3.0,-1.2886597938144329
DLTA,2022,Q3,79.15,48.52,3.24,1184.43,77942497000.0,5.09,6.68,52691511000.0,65.81,5.2,15.5,3.0,1.0416666666666665
DLTA,2022,Q2,70.82,54.08,3.47,1105.29,71633629000.0,13020.84,6.41,-10707607000.0,-13.37,5.2,15.5,3.0,0.5235602094240838
DLTA,2022,Q1,77.05,49.58,191000.0,0.02,79247329000.0,4.39,440659.25,78607625000.0,98.18,5.2,15.5,3.0,1.866666666666667
DLTA,2021,Q4,58.06,64.42,187000.0,0.02,63020363000.0,3.55,332016.57,65898853000.0,82.31,3.7,17.9,3.0,1.078167115902965
DLTA,2021,Q3,59.34,62.52,3.1,1196.31,67155804000.0,3.73,4.96,86334497000.0,107.83,3.7,17.9,3.0,-2.1108179419525066
DLTA,2021,Q2,46.7,81.16,2.73,1386.97,46048815000.0,2.72,3.37,42169407000.0,52.67,3.7,17.9,3.0,-1.3020833333333335
DLTA,2021,Q1,70.78,54.25,2.87,1340.28,66217334000.0,4.25,5.28,119144319000.0,148.81,3.7,17.9,3.0,-12.727272727272727
DLTA,2020,Q4,66.64,66.03,3.47,1269.5,67811517000.0,4.35,5.25,44930577000.0,56.12,-2.2,18.4,3.0,10.275689223057643
DLTA,2020,Q3,44.92,88.82,3.29,1212.83,42951740000.0,3.0,3.7,148618489000.0,185.62,-2.2,18.4,3.0,-20.04008016032064
DLTA,2020,Q2,-9.64,-529.05,3.27,1557.75,-14087607000.0,-0.55,-0.62,-12754048000.0,-15.93,-2.2,18.4,3.0,4.175365344467641
DLTA,2020,Q1,52.99,89.64,3.04,1563.65,51639111000.0,2.93,3.39,55761674000.0,69.64,-2.2,18.4,3.0,-29.558823529411764
DLTA,2019,Q4,121.12,56.14,4.5,1510.66,121073528000.0,6.8,8.02,116668364000.0,145.72,5.1,17.5,3.5,-2.158273381294964
DLTA,2019,Q3,99.13,68.6,4.86,1399.13,98715223000.0,5.89,7.09,54325353000.0,67.85,5.1,17.5,3.5,-2.112676056338028
DLTA,2019,Q2,69.8,100.29,5.38,1299.99,59528426000.0,3.44,5.37,31271695000.0,39.06,5.1,17.5,3.5,-1.0452961672473868
DLTA,2019,Q1,106.99,67.06,4.21,1705.72,99592726000.0,5.35,6.27,59990098000.0,74.93,5.1,17.5,3.5,30.454545454545457
DLTA,2018,Q4,131.36,41.87,3.44,1598.73,128132043000.0,6.9,8.22,80838742000.0,100.97,5.3,15.6,3.5,-6.779661016949152
DLTA,2018,Q3,112.7,53.24,4.1,1462.99,108811377344.0,6.44,7.7,65921046000.0,82.33,5.3,15.6,3.5,11.848341232227488
DLTA,2018,Q2,69.73,77.44,4.0,1350.29,68165631656.0,4.37,5.16,83610598000.0,104.43,5.3,15.6,3.5,1.4423076923076923
DLTA,2018,Q1,108.44,47.95,3.39,1533.0,107997518000.0,6.04,7.07,95396411000.0,119.15,5.3,15.6,3.5,13.28976034858388
DLTA,2017,Q4,113.32,40.5,3.22,1424.56,0.0,6.77,7.95,95689655000.0,119.51,5.1,17.1,4.0,-1.2903225806451613
DLTA,2017,Q3,80.04,59.35,3.62,1311.49,0.0,5.13,6.1,125430992000.0,156.66,5.1,17.1,4.0,1.0869565217391304
DLTA,2017,Q2,59.16,77.76,3.71,1238.93,0.0,4.08,4.77,28388647000.0,35.46,5.1,17.1,4.0,3.6036036036036037
DLTA,2017,Q1,96.88,45.42,3.25,1355.52,0.0,6.01,7.15,80775165000.0,100.89,5.1,17.1,4.0,-11.200000000000001
DLTA,2016,Q4,104.57,47.81,3.97,1259.39,0.0,6.99,8.3,118318201000.0,147.78,5.1,21.4,4.0,-9.090909090909092
DLTA,2016,Q3,79.24,69.41,4.82,1140.63,0.0,5.68,6.95,50490151000.0,63.06,5.1,21.4,4.0,-8.333333333333332
DLTA,2016,Q2,61.8,97.09,5.63,1066.3,0.0,4.72,5.8,-1828787000.0,-2.28,5.1,21.4,4.0,20.0
DLTA,2016,Q1,71.28,75.76,4.78,1128.86,0.0,5.28,6.31,82864430000.0,103.5,5.1,21.4,4.0,-3.8461538461538463
DLTA,2015,Q4,87.95,59.12,4.92,1057.32,0.0,6.78,8.32,100019212000.0,124.92,5.2,17.1,4.0,10.638297872340425
DLTA,2015,Q3,3165.02,74.25,4.83,48688.53,0.0,5.32,6.5,62624618000.0,3910.82,5.2,17.1,4.0,-4.081632653061225
DLTA,2015,Q2,2270.2,107.92,5.41,45259.46,0.0,3.56,5.02,12450616000.0,777.52,5.2,17.1,4.0,-12.515622210319584
DLTA,2015,Q1,2062.41,138.19,5.78,49330.07,0.0,3.39,4.18,60840807000.0,3799.42,5.2,17.1,4.0,-28.192307692307693
ICBP,2024,Q3,395.45,31.17,3.11,3957.33,3548895000000.0,3.71,9.99,895979000000.0,76.83,5.0,17.1,2.5,19.66019417475728
ICBP,2024,Q2,101.66,101.32,2.86,3597.08,4419729000000.0,0.95,2.83,2225926000000.0,190.87,5.0,17.1,2.5,-9.45054945054945
ICBP,2024,Q1,201.69,57.51,3.14,3694.65,5345330000000.0,1.9,5.46,1286885000000.0,110.35,5.0,17.1,2.5,7.5650118203309695
ICBP,2023,Q4,-5.95,-1777.31,3.03,3494.3,3935243000000.0,-0.06,-0.17,5162085000000.0,442.64,4.9,17.5,3.0,-4.72972972972973
ICBP,2023,Q3,114.46,96.76,3.15,3511.7,4218858000000.0,1.12,3.26,1860180000000.0,159.51,4.9,17.5,3.0,-4.310344827586207
ICBP,2023,Q2,151.84,74.59,3.33,3399.23,3520481000000.0,1.48,4.47,1469665000000.0,126.02,4.9,17.5,3.0,16.290726817042607
ICBP,2023,Q1,339.09,29.42,2.9,3436.99,4397570000000.0,3.33,9.87,2099245000000.0,180.01,4.9,17.5,3.0,0.0
ICBP,2022,Q4,109.6,91.24,3.19,3131.44,4250361000000.0,1.11,3.5,2823605000000.0,242.12,5.2,15.5,3.0,15.31791907514451
ICBP,2022,Q3,118.25,73.15,2.88,3003.83,4091258000000.0,1.21,3.94,2346307000000.0,201.19,5.2,15.5,3.0,-9.424083769633508
ICBP,2022,Q2,-0.92,-10380.43,3.11,3074.13,2774463000000.0,-0.01,-0.03,484869000000.0,41.58,5.2,15.5,3.0,29.931972789115648
ICBP,2022,Q1,166.44,44.16,2.37,3103.5,3937955000000.0,1.59,5.36,1360837000000.0,116.69,5.2,15.5,3.0,-15.273775216138327
ICBP,2021,Q4,121.67,71.5,2.99,2905.35,3233477000000.0,1.2,4.19,2059157000000.0,176.57,3.7,17.9,3.0,3.8922155688622757
ICBP,2021,Q3,149.91,55.7,3.05,2741.62,2864445000000.0,1.63,5.47,1344167000000.0,115.26,3.7,17.9,3.0,-0.8902077151335311
ICBP,2021,Q2,127.29,64.03,2.9,2815.12,2947783000000.0,1.38,4.52,1279007000000.0,171.27,3.7,17.9,3.0,-7.162534435261708
ICBP,2021,Q1,148.93,61.77,3.4,2705.35,4217421000000.0,1.62,5.51,1056957000000.0,90.63,3.7,17.9,3.0,-5.221932114882506
ICBP,2020,Q4,225.02,42.55,3.79,2523.63,3178316000000.0,2.53,8.92,2643609000000.0,226.69,-2.2,18.4,3.0,-4.962779156327544
ICBP,2020,Q3,50.14,200.94,4.35,2313.81,2108205000000.0,0.57,2.17,1589935000000.0,136.34,-2.2,18.4,3.0,7.754010695187167
ICBP,2020,Q2,119.67,78.13,3.8,2463.02,2223913000000.0,3.21,4.86,2033307000000.0,174.35,-2.2,18.4,3.0,-8.333333333333332
ICBP,2020,Q1,169.99,60.15,4.37,2340.67,3148828000000.0,4.71,7.26,1150759000000.0,98.68,-2.2,18.4,3.0,-8.520179372197308
ICBP,2019,Q4,98.89,112.75,5.14,2169.53,1896248000000.0,2.98,4.56,1893795000000.0,162.39,5.1,17.5,3.5,-6.694560669456067
ICBP,2019,Q3,112.41,106.97,5.85,2053.99,2248236000000.0,3.47,5.47,1197914000000.0,102.72,5.1,17.5,3.5,17.444717444717444
ICBP,2019,Q2,106.12,95.65,5.19,1953.98,2181349000000.0,3.31,5.43,1887837000000.0,161.88,5.1,17.5,3.5,8.24468085106383
ICBP,2019,Q1,114.66,81.33,4.71,1979.83,2234282000000.0,3.67,5.79,384777000000.0,32.99,5.1,17.5,3.5,-10.047846889952153
ICBP,2018,Q4,93.54,111.72,5.64,1853.81,1759306000000.0,3.17,5.05,98425000000.0,8.44,5.3,15.6,3.5,18.75
ICBP,2018,Q3,102.37,86.21,4.93,1789.04,2381091100344.0,3.53,5.72,-678251000000.0,-58.16,5.3,15.6,3.5,-1.1235955056179776
ICBP,2018,Q2,92.45,95.73,5.26,1681.24,1355712899656.0,3.1,5.5,684428000000.0,58.69,5.3,15.6,3.5,7.228915662650602
ICBP,2018,Q1,104.0,79.57,4.7,1759.31,1926243000000.0,3.43,5.91,1037143000000.0,88.93,5.3,15.6,3.5,-6.741573033707865
ICBP,2017,Q4,64.73,137.49,5.31,1677.57,0.0,2.39,3.86,1109953000000.0,95.18,5.1,17.1,4.0,1.7142857142857144
ICBP,2017,Q3,81.43,107.15,5.38,1620.95,0.0,3.05,5.02,1686009000000.0,144.57,5.1,17.1,4.0,1.1560693641618496
ICBP,2017,Q2,85.78,102.59,5.71,1539.84,0.0,3.09,5.57,394722000000.0,33.85,5.1,17.1,4.0,5.487804878048781
ICBP,2017,Q1,93.62,87.05,5.07,1608.0,0.0,3.59,5.82,460169000000.0,39.46,5.1,17.1,4.0,-4.373177842565598
ICBP,2016,Q4,65.88,130.16,5.69,1506.1,0.0,2.66,4.37,1750500000000.0,150.1,5.1,21.4,4.0,-9.498680738786279
ICBP,2016,Q3,73.13,129.56,6.59,1438.51,0.0,3.03,5.08,561780000000.0,48.17,5.1,21.4,4.0,10.818713450292398
ICBP,2016,Q2,177.41,97.1,6.31,2730.51,0.0,3.71,6.5,676605000000.0,116.04,5.1,21.4,4.0,12.871287128712872
ICBP,2016,Q1,162.03,93.81,5.41,2809.4,0.0,3.41,5.77,690670000000.0,118.45,5.1,21.4,4.0,12.430426716141001
ICBP,2015,Q4,95.47,141.15,5.08,2650.49,0.0,2.1,3.6,1891852000000.0,324.45,5.2,17.1,4.0,9.775967413441954
ICBP,2015,Q3,121.0,102.48,4.89,2537.02,0.0,2.71,4.77,-249696000000.0,-42.82,5.2,17.1,4.0,-1.996007984031936
ICBP,2015,Q2,161.5,77.25,5.16,2417.69,0.0,3.57,6.68,762487000000.0,168.52,5.2,17.1,4.0,-14.65076660988075
ICBP,2015,Q1,136.65,107.4,5.91,2481.98,0.0,3.05,5.51,73195000000.0,12.55,5.2,17.1,4.0,12.022900763358779
IIKP,2024,Q3,-0.11,-454.55,9.38,5.33,-2710291457.0,-1.88,-2.13,-16248634.0,-0.0,5.0,17.1,2.5,0.0
IIKP,2024,Q2,-0.12,-416.67,9.19,5.44,-3011188666.0,-1.96,-2.21,-31235227.0,-0.0,5.0,17.1,2.5,0.0
IIKP,2024,Q1,-0.13,-384.62,8.99,5.56,-3435592483.0,-2.08,-2.34,-112414520.0,-0.0,5.0,17.1,2.5,0.0
IIKP,2023,Q4,-0.91,-54.95,8.79,5.69,-6720714864.0,-14.26,-16.04,-7387041522.0,-0.22,4.9,17.5,3.0,0.0
IIKP,2023,Q3,0.03,1666.67,7.56,6.61,-1374324742.0,0.39,0.43,99788539.0,0.0,4.9,17.5,3.0,0.0
IIKP,2023,Q2,-0.08,-625.0,7.6,6.58,-1790261403.0,-1.16,-1.29,-28733308.0,-0.0,4.9,17.5,3.0,0.0
IIKP,2023,Q1,-0.06,-833.33,7.5,6.67,-887471298.0,-0.87,-0.96,-191289451.0,-0.01,4.9,17.5,3.0,0.0
IIKP,2022,Q4,-1.06,-47.17,7.43,6.73,-6360297058.0,-14.1,-15.69,45276007.0,0.0,5.2,15.5,3.0,0.0
IIKP,2022,Q3,-0.1,-500.0,6.43,7.78,-2640946934.0,-1.16,-1.28,140618477.0,0.0,5.2,15.5,3.0,0.0
IIKP,2022,Q2,-0.14,-357.14,6.35,7.88,-4262541577.0,-1.67,-1.83,-1431022386.0,-0.04,5.2,15.5,3.0,0.0
IIKP,2022,Q1,-0.13,-384.62,6.23,8.03,-3794591353.0,-1.49,-1.63,-1421172970.0,-0.04,5.2,15.5,3.0,0.0
IIKP,2021,Q4,-1.08,-46.3,6.13,8.16,-6807828092.0,-12.13,-13.25,550364619.0,0.02,3.7,17.9,3.0,0.0
IIKP,2021,Q3,-0.06,-833.33,5.42,9.23,-594741726.0,-0.61,-0.66,1025863762.0,0.03,3.7,17.9,3.0,0.0
IIKP,2021,Q2,-0.09,-555.56,5.38,9.29,-1734809698.0,-0.85,-0.91,-216430632.0,-0.01,3.7,17.9,3.0,0.0
IIKP,2021,Q1,-0.08,-625.0,5.33,9.38,-1387516945.0,-0.75,-0.81,173785802.0,0.01,3.7,17.9,3.0,0.0
IIKP,2020,Q4,-1.0,-50.0,5.29,9.45,-8185745375.0,-9.81,-10.6,272242785.0,0.01,-2.2,18.4,3.0,0.0
IIKP,2020,Q3,-0.05,-1000.0,4.78,10.46,-815758122.0,-0.46,-0.49,-165960567.0,-0.0,-2.2,18.4,3.0,0.0
IIKP,2020,Q2,-0.08,-625.0,4.76,10.51,-1180730616.0,-0.7,-0.75,-614037112.0,-0.02,-2.2,18.4,3.0,0.0
IIKP,2020,Q1,-0.1,-500.0,4.72,10.59,-3028871445.0,-0.91,-0.97,993446524.0,0.03,-2.2,18.4,3.0,0.0
IIKP,2019,Q4,-0.08,-625.0,4.68,10.69,-1680670534.0,-0.72,-0.77,108299903.0,0.0,5.1,17.5,3.5,0.0
IIKP,2019,Q3,2.83,17.67,4.63,10.79,539174345.0,24.57,26.24,-104526344.0,-0.0,5.1,17.5,3.5,-13.793103448275861
IIKP,2019,Q2,-0.1,-580.0,7.29,7.96,-1950090307.0,-1.15,-1.26,109737209.0,0.0,5.1,17.5,3.5,-68.13186813186813
IIKP,2019,Q1,-0.1,-1820.0,22.58,8.06,-2652106627.0,-1.16,-1.27,385150041.0,0.01,5.1,17.5,3.5,-24.166666666666668
IIKP,2018,Q4,-0.22,-1090.91,29.41,8.16,-4752852028.0,-2.48,-2.7,-242099556.0,-0.01,5.3,15.6,3.5,-8.396946564885496
IIKP,2018,Q3,-0.06,-4366.67,31.3,8.37,-8754056870.0,-0.62,-0.67,516363644.0,0.02,5.3,15.6,3.5,-6.428571428571428
IIKP,2018,Q2,-0.09,-3111.11,33.21,8.43,6133515124.0,-1.01,-1.1,93834557.0,0.0,5.3,15.6,3.5,27.27272727272727
IIKP,2018,Q1,-0.08,-2750.0,25.82,8.52,-1626008347.0,-0.85,-0.92,140785595.0,0.0,5.3,15.6,3.5,-33.33333333333333
IIKP,2017,Q4,-0.11,-3000.0,38.42,8.59,0.0,-1.2,-1.3,-9534158433.0,-0.28,5.1,17.1,4.0,41.02564102564102
IIKP,2017,Q3,-0.01,-23800.0,28.13,8.46,0.0,-0.14,-0.17,8095505268.0,0.24,5.1,17.1,4.0,-22.0
IIKP,2017,Q2,-0.17,-1764.71,35.46,8.46,0.0,-1.53,-1.95,3657825516.0,0.11,5.1,17.1,4.0,3.4482758620689653
IIKP,2017,Q1,-0.95,-3105.26,34.19,86.29,0.0,-0.88,-1.1,-6129278072.0,-1.82,5.1,17.1,4.0,15.53784860557769
IIKP,2016,Q4,-4.52,-555.31,28.73,87.35,0.0,-4.16,-5.17,10691397.0,0.0,5.1,21.4,4.0,-31.043956043956044
IIKP,2016,Q3,-1.3,-2769.23,40.27,89.39,0.0,-1.17,-1.45,-21325341538.0,-6.35,5.1,21.4,4.0,-4.2105263157894735
IIKP,2016,Q2,-1.47,-2585.03,41.04,92.6,0.0,-1.5,-1.58,1624772772.0,0.48,5.1,21.4,4.0,2.7027027027027026
IIKP,2016,Q1,-0.88,-4238.64,39.65,94.07,0.0,-0.9,-0.93,102002436.0,0.03,5.1,21.4,4.0,0.6802721088435374
IIKP,2015,Q4,-1.86,-1978.49,38.76,94.95,0.0,-1.88,-1.96,1037867039.0,0.31,5.2,17.1,4.0,400.0
IIKP,2015,Q3,-0.8,-925.0,7.64,96.82,0.0,-0.79,-0.82,1209079498.0,0.36,5.2,17.1,4.0,-66.20689655172414
IIKP,2015,Q2,-1.01,-2079.21,21.51,97.61,0.0,-0.99,-1.04,1200006968.0,0.36,5.2,17.1,4.0,-32.03125
IIKP,2015,Q1,-1.14,-2894.74,33.46,98.62,0.0,-1.11,-1.15,-395349913.0,-0.12,5.2,17.1,4.0,-4.191616766467066
INDF,2024,Q3,558.8,12.62,0.95,7410.02,5438064000000.0,2.51,7.54,2816039000000.0,320.72,5.0,17.1,2.5,16.049382716049383
INDF,2024,Q2,159.96,37.98,0.87,6943.42,6325910000000.0,0.7,2.3,964151000000.0,109.81,5.0,17.1,2.5,-5.078125
INDF,2024,Q1,279.0,22.85,0.9,7045.4,7343205000000.0,1.24,3.96,2304351000000.0,262.44,5.0,17.1,2.5,-0.7751937984496124
INDF,2023,Q4,121.21,53.21,0.96,6741.47,6396852000000.0,0.57,1.8,9471887000000.0,1078.75,4.9,17.5,3.0,-2.6415094339622645
INDF,2023,Q3,172.71,38.36,1.0,6649.36,6375472000000.0,0.8,2.6,1507723000000.0,171.71,4.9,17.5,3.0,-9.863945578231291
INDF,2023,Q2,195.5,37.6,1.14,6454.49,4879634000000.0,0.91,3.03,2792663000000.0,318.06,4.9,17.5,3.0,18.548387096774192
INDF,2023,Q1,438.44,14.14,0.96,6491.03,5893871000000.0,2.1,6.75,1000549000000.0,113.95,4.9,17.5,3.0,-7.806691449814126
INDF,2022,Q4,195.1,34.47,1.1,6132.26,6520606000000.0,0.95,3.18,4951144000000.0,563.88,5.2,15.5,3.0,11.618257261410788
INDF,2022,Q3,198.77,30.31,1.02,5890.23,6318039000000.0,0.95,3.37,2585843000000.0,294.5,5.2,15.5,3.0,-14.539007092198581
INDF,2022,Q2,61.83,114.02,1.2,5888.87,4589879000000.0,0.3,1.05,2113768000000.0,240.74,5.2,15.5,3.0,17.99163179916318
INDF,2022,Q1,268.53,22.16,1.01,5903.36,6096630000000.0,1.26,4.55,195280000000.0,22.24,5.2,15.5,3.0,-5.533596837944664
INDF,2021,Q4,254.27,24.88,1.15,5496.85,5630316000000.0,1.24,4.63,5174971000000.0,589.38,3.7,17.9,3.0,0.0
INDF,2021,Q3,225.09,28.21,1.23,5161.16,4704705000000.0,1.15,4.36,1429616000000.0,162.82,3.7,17.9,3.0,0.3968253968253968
INDF,2021,Q2,194.1,31.81,1.18,5220.53,4539218000000.0,1.01,3.72,2472991000000.0,281.65,3.7,17.9,3.0,-4.545454545454546
INDF,2021,Q1,196.9,33.52,1.3,5072.32,5780560000000.0,1.02,3.88,1020470000000.0,116.22,3.7,17.9,3.0,-3.64963503649635
INDF,2020,Q4,307.85,22.25,1.42,4826.0,5016164000000.0,1.66,6.38,2797247000000.0,318.58,-2.2,18.4,3.0,-3.5211267605633805
INDF,2020,Q3,103.64,68.99,1.58,4518.26,3912050000000.0,0.56,2.29,2691156000000.0,306.49,-2.2,18.4,3.0,9.230769230769232
INDF,2020,Q2,163.87,39.82,1.41,4629.26,3093276000000.0,1.39,3.54,3847937000000.0,438.24,-2.2,18.4,3.0,2.3622047244094486
INDF,2020,Q1,159.87,39.72,1.4,4531.71,4250289000000.0,1.37,3.53,120857000000.0,13.76,-2.2,18.4,3.0,-19.873817034700316
INDF,2019,Q4,156.85,50.53,1.84,4302.52,3462415000000.0,1.43,3.65,4705555000000.0,535.91,5.1,17.5,3.5,3.934426229508197
INDF,2019,Q3,112.26,68.59,1.86,4133.82,3202623000000.0,1.02,2.72,1157994000000.0,131.88,5.1,17.5,3.5,8.540925266903916
INDF,2019,Q2,136.2,51.58,1.76,3983.35,3030553000000.0,1.23,3.42,2971015000000.0,338.37,5.1,17.5,3.5,10.196078431372548
INDF,2019,Q1,153.68,41.48,1.59,4007.36,3282963000000.0,1.38,3.84,38469000000.0,4.38,5.1,17.5,3.5,-14.429530201342283
INDF,2018,Q4,153.31,48.59,1.95,3828.32,3066766000000.0,1.39,4.0,-129137000000.0,-14.71,5.3,15.6,3.5,26.27118644067797
INDF,2018,Q3,98.39,59.97,1.6,3688.09,4328285100344.0,0.9,2.67,-3127849000000.0,-356.23,5.3,15.6,3.5,-11.278195488721805
INDF,2018,Q2,87.4,76.09,1.87,3561.97,1551129899656.0,0.82,2.45,1685279000000.0,191.94,5.3,15.6,3.5,-8.275862068965518
INDF,2018,Q1,135.37,53.19,1.95,3688.81,3002941000000.0,1.28,3.67,271289000000.0,30.9,5.3,15.6,3.5,-4.918032786885246
INDF,2017,Q4,100.06,76.2,2.15,3550.95,0.0,1.0,2.82,1858397000000.0,211.65,5.1,17.1,4.0,-9.763313609467456
INDF,2017,Q3,114.63,73.5,2.4,3508.4,0.0,1.14,3.27,-1293069000000.0,-147.27,5.1,17.1,4.0,-2.312138728323699
INDF,2017,Q2,121.43,70.82,2.54,3384.93,0.0,1.19,3.59,258883000000.0,29.48,5.1,17.1,4.0,8.80503144654088
INDF,2017,Q1,137.22,58.3,2.32,3455.58,0.0,1.42,3.97,-1040155000000.0,-118.46,5.1,17.1,4.0,0.31545741324921134
INDF,2016,Q4,103.01,76.93,2.4,3299.87,0.0,1.1,3.12,5475332000000.0,623.58,5.1,21.4,4.0,-10.198300283286118
INDF,2016,Q3,114.92,75.7,2.66,3268.46,0.0,1.09,3.52,-1001288000000.0,-114.04,5.1,21.4,4.0,21.305841924398624
INDF,2016,Q2,130.46,55.57,2.29,3167.04,0.0,1.23,4.12,574040000000.0,65.38,5.1,21.4,4.0,0.6920415224913495
INDF,2016,Q1,123.63,58.44,2.25,3216.56,0.0,1.18,3.84,-984215000000.0,-112.09,5.1,21.4,4.0,39.61352657004831
INDF,2015,Q4,146.28,35.38,1.67,3105.7,0.0,1.4,4.71,-125688000000.0,-14.31,5.2,17.1,4.0,-6.334841628959276
INDF,2015,Q3,-5.39,-1020.41,1.88,2931.37,0.0,-0.05,-0.18,-1244570000000.0,-141.74,5.2,17.1,4.0,-15.32567049808429
INDF,2015,Q2,98.04,67.06,2.28,2881.98,0.0,0.94,3.4,1880513000000.0,214.17,5.2,17.1,4.0,-13.0
INDF,2015,Q1,99.09,75.18,2.5,2979.23,0.0,0.98,3.33,-915561000000.0,-104.27,5.2,17.1,4.0,11.11111111111111
MGNA,2024,Q3,0.53,37.74,2.57,7.79,6861068966.0,1.39,6.83,4603761439.0,1.35,5.0,17.1,2.5,185.71428571428572
MGNA,2024,Q2,0.57,12.28,0.97,7.25,4792416931.0,1.46,7.89,4211571242.0,1.23,5.0,17.1,2.5,0.0
MGNA,2024,Q1,-0.48,-14.58,1.05,6.68,516718046.0,-1.23,-7.26,-1077886660.0,-0.32,5.0,17.1,2.5,-36.36363636363637
MGNA,2023,Q4,-0.13,-84.62,1.53,7.17,2949071934.0,-0.33,-1.85,1154100717.0,0.34,4.9,17.5,3.0,-78.0
MGNA,2023,Q3,0.39,128.21,6.93,7.21,7121738274.0,1.0,5.45,3844281978.0,1.13,4.9,17.5,3.0,0.0
MGNA,2023,Q2,-0.34,-147.06,7.33,6.82,4288614158.0,-0.84,-5.05,2357655464.0,0.69,4.9,17.5,3.0,0.0
MGNA,2023,Q1,-0.51,-98.04,6.97,7.17,3223924264.0,-1.21,-7.1,2336834217.0,0.69,4.9,17.5,3.0,0.0
MGNA,2022,Q4,0.13,384.62,6.52,7.67,5120217473.0,0.32,1.66,-12824339661.0,-3.76,5.2,15.5,3.0,0.0
MGNA,2022,Q3,-0.55,-90.91,6.73,7.43,565627393.0,-1.3,-7.37,14645770624.0,4.29,5.2,15.5,3.0,0.0
MGNA,2022,Q2,-0.72,-69.44,-14.53,-3.44,59009948.0,-568.24,20.9,-1864002386.0,-1.86,5.2,15.5,3.0,0.0
MGNA,2022,Q1,-0.87,-57.47,-1.01,-49.62,-44331884.0,-94.08,1.76,307280119.0,0.31,5.2,15.5,3.0,0.0
MGNA,2021,Q4,-0.19,-263.16,-24.15,-2.07,-7454251241.0,-0.46,9.22,-12401947262.0,-3.65,3.7,17.9,3.0,0.0
MGNA,2021,Q3,-1.07,-46.73,-1.05,-47.67,1177154084.0,-174.98,2.24,-1670426595.0,-1.67,3.7,17.9,3.0,0.0
MGNA,2021,Q2,-0.27,-185.19,0.0,0.0,-177980743.0,0.0,0.0,261418920.0,0.26,3.7,17.9,3.0,0.0
MGNA,2021,Q1,-0.32,-156.25,-1.08,-46.33,-208636274.0,-5.04,0.69,-261418920.0,-0.26,3.7,17.9,3.0,0.0
MGNA,2020,Q4,37.68,1.33,-1.09,-46.01,-5596291633.0,555.33,-81.89,27882243848.0,27.8,-2.2,18.4,3.0,0.0
MGNA,2020,Q3,-0.3,-166.67,-0.6,-83.33,-812506359.0,-4.09,0.36,894313982.0,0.89,-2.2,18.4,3.0,0.0
MGNA,2020,Q2,23.24,2.15,-0.6,-83.03,2993697774.0,279.67,-27.99,-4330966818.0,-4.32,-2.2,18.4,3.0,0.0
MGNA,2020,Q1,-7.63,-6.55,-0.47,-106.27,-4031085718.0,-9.18,7.18,-3533254814.0,-3.52,-2.2,18.4,3.0,0.0
MGNA,2019,Q4,-86.42,-0.58,-0.51,-98.55,-29498648335.0,-97.58,87.69,-2113493684.0,-2.11,5.1,17.5,3.5,0.0
MGNA,2019,Q3,-9.36,-5.34,-4.11,-12.16,-4232627282.0,-5.3,76.95,-4502549814.0,-4.49,5.1,17.5,3.5,0.0
MGNA,2019,Q2,-11.18,-4.47,-34.48,-1.45,5355398875.0,-6.08,771.11,-1559561157.0,-1.55,5.1,17.5,3.5,0.0
MGNA,2019,Q1,-11.56,-4.33,5.5,9.09,-7204476047.0,-5.95,-127.12,-3859223405.0,-3.85,5.1,17.5,3.5,0.0
MGNA,2018,Q4,-2.26,-22.12,2.5,19.97,-22984247163.0,-1.11,-11.33,5287955263.0,5.27,5.3,15.6,3.5,0.0
MGNA,2018,Q3,-12.19,-4.1,2.06,24.24,-10359544094.0,-5.52,-50.28,-1435063106.0,-1.43,5.3,15.6,3.5,-1.9607843137254901
MGNA,2018,Q2,-8.19,-6.11,1.4,35.71,16436774157.0,-3.46,-22.94,2412932525.0,2.41,5.3,15.6,3.5,-34.61538461538461
MGNA,2018,Q1,-11.96,-6.19,1.7,43.46,-11410239603.0,-4.81,-27.52,-30608129156.0,-30.51,5.3,15.6,3.5,1.2987012987012987
MGNA,2017,Q4,7.92,9.72,1.41,54.67,0.0,3.52,14.49,261924005428.0,261.12,5.1,17.1,4.0,14.925373134328357
MGNA,2017,Q3,-21.66,-3.09,1.01,66.14,0.0,-13.64,-32.75,-169879930319.0,-169.88,5.1,17.1,4.0,0.0
MGNA,2017,Q2,-0.58,-115.52,0.98,68.29,0.0,-0.83,-0.85,42008690512.0,42.01,5.1,17.1,4.0,-25.555555555555554
MGNA,2017,Q1,-2.1,-42.86,1.31,68.87,0.0,-0.93,-3.04,42445030253.0,42.45,5.1,17.1,4.0,38.46153846153847
MGNA,2016,Q4,-60.31,-1.08,0.92,70.66,0.0,-22.61,-85.36,42597487088.0,42.6,5.1,21.4,4.0,-16.666666666666664
MGNA,2016,Q3,-3.51,-22.79,0.62,130.07,0.0,-0.96,-2.7,32652860486.0,32.65,5.1,21.4,4.0,23.809523809523807
MGNA,2016,Q2,-5.69,-10.72,0.46,133.59,0.0,-1.38,-4.26,4700605085.0,4.7,5.1,21.4,4.0,8.620689655172415
MGNA,2016,Q1,0.06,950.0,0.41,139.61,0.0,0.02,0.05,36189554590.0,36.19,5.1,21.4,4.0,9.433962264150944
MGNA,2015,Q4,0.06,883.33,0.38,139.55,0.0,0.01,0.04,42230495179.0,42.23,5.2,17.1,4.0,-23.18840579710145
MGNA,2015,Q3,0.1,690.0,0.49,140.25,0.0,0.02,0.07,47155326390.0,47.16,5.2,17.1,4.0,-16.867469879518072
MGNA,2015,Q2,1.21,68.6,0.59,140.15,0.0,0.22,0.86,-23818878068.0,-23.82,5.2,17.1,4.0,-10.75268817204301
MGNA,2015,Q1,1.11,83.78,0.67,138.94,0.0,0.21,0.8,-38026656175.0,-38.03,5.2,17.1,4.0,3.3333333333333335
MLBI,2024,Q3,151.11,39.04,9.43,625.95,511714000000.0,9.14,24.14,411876000000.0,195.48,5.0,17.1,2.5,0.425531914893617
MLBI,2024,Q2,113.61,51.49,12.32,474.84,380514000000.0,6.32,23.93,124279000000.0,58.98,5.0,17.1,2.5,-18.118466898954704
MLBI,2024,Q1,97.2,73.05,9.38,757.23,329498000000.0,5.65,12.84,512150000000.0,243.07,5.0,17.1,2.5,-7.419354838709677
MLBI,2023,Q4,177.23,43.73,11.74,660.03,1173080806336.591,10.96,26.85,352722000000.0,167.4,4.9,17.5,3.0,-10.662824207492795
MLBI,2023,Q3,111.54,77.77,14.63,592.88,393888000000.0,7.19,18.81,405659000000.0,192.53,4.9,17.5,3.0,2.359882005899705
MLBI,2023,Q2,120.47,70.35,17.61,481.34,385843000000.0,8.17,25.03,-112277000000.0,-53.29,4.9,17.5,3.0,-7.629427792915531
MLBI,2023,Q1,96.77,94.55,15.1,605.86,338005000000.0,5.97,15.97,120874000000.0,57.37,4.9,17.5,3.0,3.3802816901408446
MLBI,2022,Q4,151.0,59.27,17.58,509.09,490456000000.0,9.43,29.66,416420000000.0,197.64,5.2,15.5,3.0,2.601156069364162
MLBI,2022,Q3,100.79,85.57,21.52,400.88,375652000000.0,7.53,25.14,330747000000.0,156.98,5.2,15.5,3.0,-11.508951406649617
MLBI,2022,Q2,91.09,107.59,32.66,300.1,333050000000.0,6.79,30.35,65529000000.0,31.1,5.2,15.5,3.0,12.35632183908046
MLBI,2022,Q1,96.03,90.6,14.09,617.46,325502000000.0,6.51,15.55,358627000000.0,170.21,5.2,15.5,3.0,11.538461538461538
MLBI,2021,Q4,120.21,64.89,14.96,521.43,479502000000.0,8.67,23.05,379245000000.0,179.99,3.7,17.9,3.0,-0.6369426751592357
MLBI,2021,Q3,62.06,126.49,19.58,400.83,238121000000.0,4.54,15.48,98587000000.0,46.79,3.7,17.9,3.0,-3.0864197530864197
MLBI,2021,Q2,63.05,128.47,23.91,338.76,244390000000.0,4.63,18.61,32709000000.0,15.52,3.7,17.9,3.0,-10.0
MLBI,2021,Q1,70.61,127.46,11.99,750.72,262963000000.0,4.61,9.41,405098000000.0,192.26,3.7,17.9,3.0,-7.216494845360824
MLBI,2020,Q4,62.9,154.21,14.26,680.1,290075000000.0,4.56,9.25,335133000000.0,159.06,-2.2,18.4,3.0,15.476190476190476
MLBI,2020,Q3,42.71,201.36,13.97,615.76,188775000000.0,2.91,6.94,231707000000.0,109.97,-2.2,18.4,3.0,-16.209476309226932
MLBI,2020,Q2,-36.44,-275.11,17.49,573.06,16244000000.0,-2.21,-6.36,-450886000000.0,-213.99,-2.2,18.4,3.0,-7.175925925925926
MLBI,2020,Q1,66.41,164.88,17.97,609.49,287203000000.0,3.43,10.9,501289000000.0,237.92,-2.2,18.4,3.0,-30.32258064516129
MLBI,2019,Q4,212.51,72.94,28.51,543.68,743934000000.0,15.46,39.09,210152000000.0,99.74,5.1,17.5,3.5,-13.40782122905028
MLBI,2019,Q3,129.27,138.86,47.53,377.69,445115000000.0,9.42,34.23,394075000000.0,187.03,5.1,17.5,3.5,-11.27633209417596
MLBI,2019,Q2,116.81,172.72,81.21,248.42,401315000000.0,8.77,47.02,-42280000000.0,-20.07,5.1,17.5,3.5,6.184210526315789
MLBI,2019,Q1,113.67,165.39,28.16,667.61,373430000000.0,7.55,17.03,450293000000.0,213.71,5.1,17.5,3.5,18.75
MLBI,2018,Q4,201.95,79.23,28.88,553.94,641871000000.0,14.73,36.46,294888000000.0,139.96,5.3,15.6,3.5,0.0
MLBI,2018,Q3,159.11,103.7,41.51,397.45,607840100344.0,12.85,40.03,264657000000.0,125.61,5.3,15.6,3.5,-4.761904761904762
MLBI,2018,Q2,119.28,140.85,70.49,238.34,290964899656.0,10.87,50.05,112177000000.0,53.24,5.3,15.6,3.5,3.863987635239567
MLBI,2018,Q1,100.85,162.62,27.06,606.06,331729000000.0,7.75,16.64,464813000000.0,220.6,5.3,15.6,3.5,18.281535648994517
MLBI,2017,Q4,190.37,71.83,27.07,505.21,0.0,15.98,37.68,173762000000.0,82.47,5.1,17.1,4.0,-5.689655172413794
MLBI,2017,Q3,130.53,111.09,31.88,454.79,0.0,11.08,28.7,358903000000.0,170.34,5.1,17.1,4.0,18.367346938775512
MLBI,2017,Q2,163.27,73.5,36.98,324.46,0.0,15.95,50.32,-30712000000.0,-14.58,5.1,17.1,4.0,4.25531914893617
MLBI,2017,Q1,143.16,82.25,22.11,532.59,0.0,10.32,26.88,489935000000.0,232.53,5.1,17.1,4.0,0.0
MLBI,2016,Q4,143.76,81.73,30.17,389.43,0.0,13.31,36.92,244771000000.0,116.17,5.1,21.4,4.0,-9.615384615384617
MLBI,2016,Q3,110.63,117.51,52.63,247.03,0.0,9.82,44.78,319226000000.0,151.51,5.1,21.4,4.0,18.181818181818183
MLBI,2016,Q2,95.55,115.65,47.76,231.36,0.0,9.58,41.3,184014000000.0,87.33,5.1,21.4,4.0,40.12738853503185
MLBI,2016,Q1,116.05,67.64,16.36,479.77,0.0,9.59,24.19,330528000000.0,156.87,5.1,21.4,4.0,-4.2682926829268295
MLBI,2015,Q4,68.01,120.57,22.55,363.68,0.0,6.82,18.7,314539000000.0,149.28,5.2,17.1,4.0,4.1269841269841265
MLBI,2015,Q3,82.51,94.53,26.67,292.49,0.0,8.09,28.21,215082000000.0,102.08,5.2,17.1,4.0,13.718411552346572
MLBI,2015,Q2,34.28,204.2,33.34,209.97,0.0,3.61,16.33,23279000000.0,11.05,5.2,17.1,4.0,-28.60824742268041
MLBI,2015,Q1,50.94,192.38,31.24,313.69,0.0,5.25,16.24,185075000000.0,87.84,5.2,17.1,4.0,-18.828451882845187
MYOR,2024,Q3,13.32,213.21,4.01,707.73,1017846952162.0,0.98,1.88,-3659706081023.0,-163.68,5.0,17.1,2.5,21.27659574468085
MYOR,2024,Q2,27.08,86.78,3.38,694.5,930790181329.0,2.21,3.9,-111728666339.0,-5.0,5.0,17.1,2.5,-7.480314960629922
MYOR,2024,Q1,49.74,51.07,3.51,722.62,1548829886477.0,4.29,6.88,483440266244.0,21.62,5.0,17.1,2.5,2.0080321285140563
MYOR,2023,Q4,52.22,47.68,3.7,672.65,1739882023597.0,4.89,7.76,1234020407496.0,55.19,4.9,17.5,3.0,-1.5810276679841897
MYOR,2023,Q3,36.11,70.62,4.11,620.24,1281809011516.0,3.45,5.82,-1502644610435.0,-67.21,4.9,17.5,3.0,-3.065134099616858
MYOR,2023,Q2,21.99,118.69,4.47,584.05,812104667596.0,2.08,3.76,1490727900701.0,66.67,4.9,17.5,3.0,-2.6119402985074625
MYOR,2023,Q1,32.52,82.1,4.47,597.26,1377295645463.0,3.15,5.45,1511349212752.0,67.6,4.9,17.5,3.0,7.630522088353414
MYOR,2022,Q4,38.35,65.19,4.43,564.81,1193777495033.0,3.85,6.79,673840079159.0,30.14,5.2,15.5,3.0,36.0655737704918
MYOR,2022,Q3,19.3,94.82,3.49,525.09,830777791274.0,1.92,3.68,131105064184.0,5.86,5.2,15.5,3.0,-12.440191387559809
MYOR,2022,Q2,15.53,134.58,3.97,526.4,655909380127.0,1.57,2.95,-816005687616.0,-36.5,5.2,15.5,3.0,18.413597733711047
MYOR,2022,Q1,13.69,128.56,3.44,510.93,680050177726.0,1.39,2.68,121416404515.0,5.43,5.2,15.5,3.0,-13.480392156862745
MYOR,2021,Q4,9.33,218.65,4.1,497.29,497139373840.0,1.05,1.88,-280199432604.0,-12.53,3.7,17.9,3.0,-14.644351464435147
MYOR,2021,Q3,2.12,1113.21,4.88,484.1,423596475076.0,0.24,0.44,-155721910417.0,-6.96,3.7,17.9,3.0,3.463203463203463
MYOR,2021,Q2,4.82,479.25,4.32,534.24,475023865438.0,0.53,0.9,-834391109570.0,-37.32,3.7,17.9,3.0,-11.83206106870229
MYOR,2021,Q1,36.8,71.2,4.95,529.48,1220641889209.0,3.91,6.95,1334831465649.0,59.7,3.7,17.9,3.0,-3.3210332103321036
MYOR,2020,Q4,22.54,120.23,5.5,492.47,1191331188671.0,2.55,4.58,557430672269.0,24.93,-2.2,18.4,3.0,13.389121338912133
MYOR,2020,Q3,27.64,86.11,5.04,472.15,895118283556.0,3.25,5.86,167278356597.0,7.48,-2.2,18.4,3.0,5.752212389380531
MYOR,2020,Q2,0.32,7062.5,4.77,474.11,663761771462.0,0.04,0.07,794150867380.0,35.52,-2.2,18.4,3.0,24.861878453038674
MYOR,2020,Q1,41.66,44.53,3.92,473.7,885579495657.0,4.78,8.79,1041370141370.0,46.58,-2.2,18.4,3.0,-11.707317073170733
MYOR,2019,Q4,39.88,51.4,4.74,432.17,1383782551270.0,4.68,9.23,1047996476645.0,46.87,5.1,17.5,3.5,-8.482142857142858
MYOR,2019,Q3,12.9,172.87,5.67,393.3,703861419384.0,1.59,3.28,24037298354.0,1.08,5.1,17.5,3.5,-9.67741935483871
MYOR,2019,Q2,15.26,162.52,6.06,409.35,723316794469.0,1.93,3.73,-109785668347.0,-4.91,5.1,17.5,3.5,-3.875968992248062
MYOR,2019,Q1,20.86,122.72,6.5,394.1,949492802913.0,2.68,5.29,443280537122.0,19.83,5.1,17.5,3.5,-1.5267175572519083
MYOR,2018,Q4,27.56,95.07,7.02,373.13,1267506855755.0,3.5,7.39,1540613490179.0,68.9,5.3,15.6,3.5,-5.072463768115942
MYOR,2018,Q3,16.29,166.97,7.92,343.38,624639397825.0,2.02,4.74,-816829698882.0,-36.53,5.3,15.6,3.5,-7.07070707070707
MYOR,2018,Q2,11.95,248.54,9.08,327.15,541888553196.0,1.62,3.65,-694207491465.0,-31.05,5.3,15.6,3.5,0.6779661016949152
MYOR,2018,Q1,20.96,140.74,8.62,342.18,743077630865.0,2.99,6.13,-809412960756.0,-36.2,5.3,15.6,3.5,46.03960396039604
MYOR,2017,Q4,29.81,67.76,6.29,321.4,0.0,4.47,9.28,664996855226.0,29.74,5.1,17.1,4.0,2.5380710659898478
MYOR,2017,Q3,17.0,115.29,6.66,294.14,0.0,2.74,5.78,564243731616.0,25.24,5.1,17.1,4.0,-10.85972850678733
MYOR,2017,Q2,8.35,264.67,7.97,277.23,0.0,1.32,3.01,-245414369876.0,-10.98,5.1,17.1,4.0,5.238095238095238
MYOR,2017,Q1,16.15,131.89,7.35,289.93,0.0,2.64,5.57,-268847610096.0,-12.02,5.1,17.1,4.0,27.659574468085108
MYOR,2016,Q4,20.44,80.48,6.01,273.79,0.0,3.54,7.47,411812174554.0,18.42,5.1,21.4,4.0,9.666666666666666
MYOR,2016,Q3,13.71,109.04,5.94,251.71,0.0,2.47,5.45,249838500352.0,11.17,5.1,21.4,4.0,-4.580152671755725
MYOR,2016,Q2,300.17,129.76,6.14,6339.19,0.0,2.18,4.74,-574034136239.0,-641.85,5.1,21.4,4.0,24.86100079428118
MYOR,2016,Q1,360.92,87.21,5.21,6038.27,0.0,2.67,5.98,-193504293998.0,-216.36,5.1,21.4,4.0,3.1967213114754096
MYOR,2015,Q4,392.13,77.78,5.37,5677.27,0.0,3.09,6.91,24513585840.0,27.41,5.2,17.1,4.0,14.661654135338345
MYOR,2015,Q3,308.28,86.29,5.03,5291.02,0.0,2.48,5.83,568609307353.0,635.78,5.2,17.1,4.0,4.313725490196078
MYOR,2015,Q2,358.81,72.46,5.05,5145.58,0.0,2.98,6.97,215217054041.0,240.64,5.2,17.1,4.0,-10.526315789473683
MYOR,2015,Q1,304.93,94.78,6.04,4788.14,0.0,2.59,6.37,977138666148.0,1092.57,5.2,17.1,4.0,36.36363636363637
PSDN,2024,Q3,-4.8,-17.92,2.42,35.57,-5765066447.0,-4.66,-13.5,-5335891815.0,-3.71,5.0,17.1,2.5,3.571428571428571
PSDN,2024,Q2,-2.0,-42.0,2.08,40.37,-777862798.0,-1.92,-4.95,-4289929763.0,-2.98,5.0,17.1,2.5,-13.402061855670103
PSDN,2024,Q1,-3.52,-27.84,2.31,42.37,-4606618022.0,-3.45,-8.32,-2896035130.0,-2.01,5.0,17.1,2.5,7.777777777777778
PSDN,2023,Q4,-12.48,-7.21,1.96,45.89,-1276260276.0,-11.82,-27.19,-38317604288.0,-26.61,4.9,17.5,3.0,4.651162790697675
PSDN,2023,Q3,113.17,0.78,1.4,62.99,140913298685.0,92.33,179.67,-105352804379.0,-73.16,4.9,17.5,3.0,-5.4945054945054945
PSDN,2023,Q2,-8.94,-10.18,-2.04,-44.66,996561386.0,-1.85,20.03,3223403946.0,2.24,4.9,17.5,3.0,68.51851851851852
PSDN,2023,Q1,7.83,6.9,-1.51,-35.71,35874300548.0,1.59,-21.92,1218219063.0,0.85,4.9,17.5,3.0,-34.93975903614458
PSDN,2022,Q4,-6.39,-12.99,-1.91,-43.54,-11157336090.0,-1.3,14.67,-40034358631.0,-27.8,5.2,15.5,3.0,-19.41747572815534
PSDN,2022,Q3,-14.25,-6.88,-2.27,-43.18,-2541528548.0,-2.93,32.99,18240964608.0,12.67,5.2,15.5,3.0,-16.260162601626014
PSDN,2022,Q2,2.86,43.01,-4.25,-28.94,15494388230.0,0.59,-9.88,2912608851.0,2.02,5.2,15.5,3.0,-22.151898734177212
PSDN,2022,Q1,-10.89,-14.51,-4.97,-31.79,-108716728.0,-2.22,34.26,3648232172.0,2.53,5.2,15.5,3.0,3.9473684210526314
PSDN,2021,Q4,-16.76,-9.13,-7.32,-20.9,5111503.0,-3.4,80.17,2342918793.0,1.63,3.7,17.9,3.0,-15.555555555555555
PSDN,2021,Q3,-13.94,-12.91,-14.66,-12.28,-8523189278.0,-2.76,113.59,25927667941.0,18.01,3.7,17.9,3.0,-32.83582089552239
PSDN,2021,Q2,-14.5,-17.93,78.79,3.3,-10609496037.0,-2.81,-439.93,-11236245999.0,-7.8,3.7,17.9,3.0,68.55345911949685
PSDN,2021,Q1,-15.13,-10.38,8.53,18.4,-11777789519.0,-2.92,-82.24,25975225461.0,18.04,3.7,17.9,3.0,22.30769230769231
PSDN,2020,Q4,-9.35,-13.9,3.83,33.92,17043881877.0,-1.76,-27.57,-32467440093.0,-22.55,-2.2,18.4,3.0,21.49532710280374
PSDN,2020,Q3,-11.56,-9.26,2.72,39.4,-3830976059.0,-2.12,-29.34,-13673603646.0,-9.5,-2.2,18.4,3.0,-21.323529411764707
PSDN,2020,Q2,33.62,3.93,2.51,52.55,65266471499.0,6.45,63.97,-5020587412.0,-3.49,-2.2,18.4,3.0,12.396694214876034
PSDN,2020,Q1,-55.77,-2.33,4.98,26.1,-68294396121.0,-10.62,-213.7,931816425.0,0.65,-2.2,18.4,3.0,-20.915032679738562
PSDN,2019,Q4,-26.62,-5.75,1.94,78.93,5492481916.0,-5.02,-33.72,-19184435385.0,-13.32,5.1,17.5,3.5,-2.547770700636943
PSDN,2019,Q3,-2.24,-70.09,1.68,93.38,17965154130.0,-0.39,-2.39,47099894807.0,32.71,5.1,17.5,3.5,-30.53097345132743
PSDN,2019,Q2,-2.95,-76.61,2.22,101.61,12739767000.0,-0.5,-2.91,-121445045839.0,-84.34,5.1,17.5,3.5,-0.8771929824561403
PSDN,2019,Q1,-1.08,-211.11,2.11,107.92,15845408677.0,-0.21,-1.0,-16284823385.0,-11.31,5.1,17.5,3.5,18.75
PSDN,2018,Q4,-27.54,-6.97,1.7,113.25,-4575105072.0,-5.68,-24.32,3843533410.0,2.67,5.3,15.6,3.5,-21.311475409836063
PSDN,2018,Q3,-4.66,-52.36,1.91,127.55,7995970724.0,-0.9,-3.66,-32712732953.0,-22.72,5.3,15.6,3.5,-33.33333333333333
PSDN,2018,Q2,-10.72,-32.65,2.57,136.38,-482164624.0,-2.18,-7.86,-26009151872.0,-18.06,5.3,15.6,3.5,-10.731707317073171
PSDN,2018,Q1,-0.29,-1393.1,2.71,149.24,15105196948.0,-0.06,-0.2,21124180620.0,14.67,5.3,15.6,3.5,60.15625
PSDN,2017,Q4,-20.64,-12.4,1.67,153.51,0.0,-4.3,-13.45,-20767884344.0,-14.42,5.1,17.1,4.0,31.28205128205128
PSDN,2017,Q3,0.0,0.0,-34.48,-1118.32,0.0,0.0,0.0,12177883894.0,0.0,5.1,17.1,4.0,33.56164383561644
PSDN,2017,Q2,0.0,0.0,-34.48,-1118.32,0.0,0.0,0.0,56961149676.0,0.0,5.1,17.1,4.0,2.097902097902098
PSDN,2017,Q1,0.0,0.0,-34.48,-1118.32,0.0,0.0,0.0,-80917117249.0,0.0,5.1,17.1,4.0,6.7164179104477615
PSDN,2016,Q4,-32.36,-4.14,0.94,142.06,0.0,-7.13,-22.78,7250639206.0,5.04,5.1,21.4,4.0,-10.666666666666668
PSDN,2016,Q3,-1679.8,-23800.0,-34.48,-1118.32,-229058304176.0,-568.24,-439.93,-3659706081023.0,-641.85,5.1,21.4,4.0,21.951219512195124
PSDN,2016,Q2,-1679.8,-23800.0,-34.48,-1118.32,-229058304176.0,-568.24,-439.93,-3659706081023.0,-641.85,5.1,21.4,4.0,-6.106870229007633
PSDN,2016,Q1,-1679.8,-23800.0,-34.48,-1118.32,-229058304176.0,-568.24,-439.93,-3659706081023.0,-641.85,5.1,21.4,4.0,7.377049180327869
PSDN,2015,Q4,-1679.8,-23800.0,-34.48,-1118.32,-229058304176.0,-568.24,-439.93,-3659706081023.0,-641.85,5.2,17.1,4.0,-1.6129032258064515
PSDN,2015,Q3,-1679.8,-23800.0,-34.48,-1118.32,-229058304176.0,-568.24,-439.93,-3659706081023.0,-641.85,5.2,17.1,4.0,8.771929824561402
PSDN,2015,Q2,-1679.8,-23800.0,-34.48,-1118.32,-229058304176.0,-568.24,-439.93,-3659706081023.0,-641.85,5.2,17.1,4.0,-14.925373134328357
PSDN,2015,Q1,-1679.8,-23800.0,-34.48,-1118.32,-229058304176.0,-568.24,-439.93,-3659706081023.0,-641.85,5.2,17.1,4.0,-6.293706293706294
ROTI,2024,Q3,16.83,59.12,2.88,346.03,198744914956.0,2.58,4.86,191248063771.0,30.91,5.0,17.1,2.5,-0.5
ROTI,2024,Q2,11.46,87.26,3.04,329.2,159392411424.0,1.83,3.48,90244120409.0,14.59,5.0,17.1,2.5,-14.893617021276595
ROTI,2024,Q1,11.93,98.49,2.95,398.79,153935336031.0,1.88,2.99,71762305848.0,11.6,5.0,17.1,2.5,2.1739130434782608
ROTI,2023,Q4,16.71,68.82,2.97,386.87,194829968120.0,2.62,4.32,198807197414.0,32.14,4.9,17.5,3.0,-17.857142857142858
ROTI,2023,Q3,17.97,77.91,3.76,372.32,209479916531.0,2.71,4.83,237927283273.0,38.46,4.9,17.5,3.0,4.089219330855019
ROTI,2023,Q2,11.25,119.56,3.8,354.35,156492273011.0,1.79,3.17,-28060292173.0,-4.54,4.9,17.5,3.0,-7.241379310344828
ROTI,2023,Q1,7.95,187.42,3.38,441.32,120037838435.0,1.17,1.8,81360534728.0,13.15,4.9,17.5,3.0,11.538461538461538
ROTI,2022,Q4,27.36,48.25,3.05,433.38,323546534947.0,4.1,6.31,183404271561.0,29.65,5.2,15.5,3.0,2.766798418972332
ROTI,2022,Q3,20.31,61.55,3.07,406.55,216799897884.0,3.01,5.0,176593924240.0,28.55,5.2,15.5,3.0,-0.39370078740157477
ROTI,2022,Q2,7.92,161.62,3.27,390.98,125017416065.0,1.22,2.02,26070251770.0,4.21,5.2,15.5,3.0,-2.307692307692308
ROTI,2022,Q1,14.28,89.99,2.91,442.14,172575792336.0,2.12,3.23,154585303532.0,24.99,5.2,15.5,3.0,-4.761904761904762
ROTI,2021,Q4,11.57,117.55,2.95,460.58,166887450847.0,1.71,2.51,92092742691.0,14.89,3.7,17.9,3.0,2.631578947368421
ROTI,2021,Q3,14.22,93.53,2.79,477.22,177205664695.0,2.07,2.98,201545087404.0,32.58,3.7,17.9,3.0,-1.4814814814814816
ROTI,2021,Q2,10.52,128.33,2.83,477.01,131518368564.0,1.54,2.21,8307908716.0,1.34,3.7,17.9,3.0,-0.36900369003690037
ROTI,2021,Q1,9.17,147.22,2.54,530.89,128458456590.0,1.25,1.73,123257020059.0,19.92,3.7,17.9,3.0,-0.3676470588235294
ROTI,2020,Q4,14.2,95.77,2.61,521.72,149208399904.0,1.97,2.72,113761891810.0,18.39,-2.2,18.4,3.0,10.569105691056912
ROTI,2020,Q3,5.78,212.8,2.82,435.66,83243674156.0,0.89,1.33,36446593090.0,5.89,-2.2,18.4,3.0,3.361344537815126
ROTI,2020,Q2,2.2,540.91,2.62,453.79,57843273665.0,0.28,0.48,-227329374161.0,-36.75,-2.2,18.4,3.0,-0.8333333333333334
ROTI,2020,Q1,12.58,95.39,2.58,465.6,166548412522.0,1.67,2.7,108181823971.0,17.49,-2.2,18.4,3.0,-7.6923076923076925
ROTI,2019,Q4,14.43,90.09,2.62,496.11,150580107668.0,1.91,2.91,104098280182.0,16.83,5.1,17.5,3.5,2.3622047244094486
ROTI,2019,Q3,17.82,71.27,2.62,483.81,183088796749.0,2.43,3.68,36821086644.0,5.95,5.1,17.5,3.5,-1.1673151750972763
ROTI,2019,Q2,5.91,216.58,2.75,466.08,75252706166.0,0.83,1.27,-162512681003.0,-26.27,5.1,17.5,3.5,-1.9083969465648856
ROTI,2019,Q1,10.48,125.48,2.8,469.7,115363744484.0,1.45,2.23,-45260769893.0,-7.32,5.1,17.5,3.5,9.166666666666666
ROTI,2018,Q4,11.29,106.29,2.61,459.37,108790979986.0,1.59,2.46,14005305631.0,2.26,5.3,15.6,3.5,8.108108108108109
ROTI,2018,Q3,10.17,108.16,2.46,447.14,173398996786.0,1.46,2.27,86654874711.0,14.01,5.3,15.6,3.5,17.46031746031746
ROTI,2018,Q2,1.76,534.09,2.09,449.24,11174549246.0,0.26,0.39,-46731572997.0,-7.55,5.3,15.6,3.5,-21.57676348547718
ROTI,2018,Q1,4.7,256.38,2.66,453.06,38518810156.0,0.63,1.04,-121969229154.0,-19.72,5.3,15.6,3.5,-5.490196078431373
ROTI,2017,Q4,7.86,162.21,2.84,448.4,0.0,1.07,1.75,132443594695.0,21.41,5.1,17.1,4.0,1.1904761904761905
ROTI,2017,Q3,9.39,134.19,4.51,279.48,0.0,1.6,3.36,7513332998.0,1.48,5.1,17.1,4.0,0.8
ROTI,2017,Q2,3.94,312.18,4.56,270.03,0.0,0.69,1.46,-36928884168.0,-7.3,5.1,17.1,4.0,-18.83116883116883
ROTI,2017,Q1,5.91,260.58,5.5,279.84,0.0,1.02,2.11,-74503350871.0,-14.72,5.1,17.1,4.0,-3.75
ROTI,2016,Q4,15.07,106.17,5.79,276.44,0.0,2.61,5.45,121704257729.0,24.04,5.1,21.4,4.0,-5.325443786982249
ROTI,2016,Q3,14.8,114.19,6.4,264.01,0.0,2.67,5.6,59132326434.0,11.68,5.1,21.4,4.0,7.301587301587302
ROTI,2016,Q2,8.39,188.32,6.33,249.64,0.0,1.55,3.36,-6900761895.0,-1.36,5.1,21.4,4.0,22.56809338521401
ROTI,2016,Q1,17.06,75.03,5.08,251.86,0.0,3.12,6.77,66559494590.0,13.15,5.1,21.4,4.0,1.5810276679841897
ROTI,2015,Q4,15.38,82.25,5.39,234.8,0.0,2.88,6.55,67169263676.0,13.27,5.2,17.1,4.0,7.659574468085106
ROTI,2015,Q3,13.7,85.77,5.32,220.77,0.0,2.71,6.2,98127792365.0,19.39,5.2,17.1,4.0,4.444444444444445
ROTI,2015,Q2,11.11,103.51,5.52,208.52,0.0,2.29,5.33,39985607955.0,7.9,5.2,17.1,4.0,-7.786885245901639
ROTI,2015,Q1,13.26,92.01,6.01,202.94,0.0,2.47,6.53,108714592929.0,21.48,5.2,17.1,4.0,-11.913357400722022
SKBM,2024,Q3,-24.57,-15.87,0.71,551.45,-26783152462.0,-2.33,-4.46,-88904155963.0,-51.39,5.0,17.1,2.5,101.92307692307692
SKBM,2024,Q2,-4.26,-47.89,0.35,575.37,7036819607.0,-0.39,-0.74,-84822508968.0,-49.03,5.0,17.1,2.5,-16.129032258064516
SKBM,2024,Q1,1.38,179.71,0.43,578.99,23101591724.0,0.13,0.24,98206434093.0,56.76,5.0,17.1,2.5,-21.019108280254777
SKBM,2023,Q4,0.34,923.53,0.54,576.97,19542475362.0,0.03,0.06,15868680018.0,9.17,4.9,17.5,3.0,2.6143790849673203
SKBM,2023,Q3,-0.1,-3060.0,0.53,572.9,26380609425.0,-0.01,-0.02,46826812400.0,27.07,4.9,17.5,3.0,4.081632653061225
SKBM,2023,Q2,-2.23,-131.84,0.51,573.05,31055387490.0,-0.19,-0.39,-115386520057.0,-66.69,4.9,17.5,3.0,-20.54054054054054
SKBM,2023,Q1,2.85,126.32,0.62,585.29,41384291947.0,0.24,0.49,129516858846.0,74.86,4.9,17.5,3.0,2.209944751381215
SKBM,2022,Q4,20.48,18.46,0.65,582.49,57410983218.0,1.73,3.52,289646993.0,0.17,5.2,15.5,3.0,-12.980769230769232
SKBM,2022,Q3,6.56,63.41,0.74,562.92,30911501869.0,0.56,1.17,-7360411600.0,-4.25,5.2,15.5,3.0,10.052910052910052
SKBM,2022,Q2,7.06,52.97,0.67,556.13,34248520442.0,0.64,1.27,-17864195940.0,-10.33,5.2,15.5,3.0,3.8461538461538463
SKBM,2022,Q1,15.74,23.13,0.66,551.56,52357147538.0,1.37,2.85,102746530676.0,59.39,5.2,15.5,3.0,1.1111111111111112
SKBM,2021,Q4,15.86,22.7,0.67,535.6,74064723189.0,1.39,2.96,90305217968.0,52.2,3.7,17.9,3.0,8.433734939759036
SKBM,2021,Q3,0.8,440.0,0.68,519.07,24736301365.0,0.07,0.15,-142588335143.0,-82.42,3.7,17.9,3.0,2.4691358024691357
SKBM,2021,Q2,-5.39,-57.51,0.6,519.42,7817407790.0,-0.49,-1.04,21959595482.0,12.69,3.7,17.9,3.0,5.194805194805195
SKBM,2021,Q1,5.83,56.6,0.63,525.3,21690966023.0,0.57,1.11,-43671365940.0,-25.3,3.7,17.9,3.0,-4.938271604938271
SKBM,2020,Q4,-0.15,-2160.0,0.62,519.41,33414169986.0,-0.01,-0.03,42558216973.0,24.66,-2.2,18.4,3.0,-1.8181818181818181
SKBM,2020,Q3,9.27,28.48,0.51,521.93,27505660525.0,0.89,1.78,-36851566714.0,-21.35,-2.2,18.4,3.0,2.484472049689441
SKBM,2020,Q2,-3.82,-84.29,0.63,512.65,23236840165.0,-0.4,-0.75,1558838567.0,0.9,-2.2,18.4,3.0,-18.68686868686869
SKBM,2020,Q1,0.69,579.71,0.77,517.46,21959973248.0,0.07,0.13,-3687341291.0,-2.14,-2.2,18.4,3.0,-3.414634146341464
SKBM,2019,Q4,1.87,219.25,0.79,516.76,30327667123.0,0.18,0.36,-3599495431.0,-2.09,5.1,17.5,3.5,-5.529953917050691
SKBM,2019,Q3,1.03,553.4,1.11,513.5,19038482020.0,0.1,0.2,-36023577918.0,-20.87,5.1,17.5,3.5,-6.0606060606060606
SKBM,2019,Q2,-0.39,-1184.62,0.9,512.45,19790538362.0,-0.04,-0.08,-5151352133.0,-2.98,5.1,17.5,3.5,1.762114537444934
SKBM,2019,Q1,-0.09,-5555.56,0.97,514.46,22502878407.0,-0.01,-0.02,-64135541134.0,-37.16,5.1,17.5,3.5,-34.67625899280576
SKBM,2018,Q4,0.88,789.77,1.35,514.37,29411689063.0,0.09,0.17,12860752655.0,7.45,5.3,15.6,3.5,39.0
SKBM,2018,Q3,-2.04,-245.1,0.99,506.67,2924175272.0,-0.21,-0.4,-74745175973.0,-43.31,5.3,15.6,3.5,2.459016393442623
SKBM,2018,Q2,5.31,96.05,1.0,508.89,24117286510.0,0.56,1.04,2729620084.0,1.58,5.3,15.6,3.5,10.909090909090908
SKBM,2018,Q1,3.87,106.46,0.82,505.04,24555085557.0,0.42,0.77,-43569659532.0,-25.24,5.3,15.6,3.5,-38.46153846153847
SKBM,2017,Q4,13.15,54.37,1.43,501.39,0.0,1.4,2.62,-42283159963.0,-24.5,5.1,17.1,4.0,45.91836734693878
SKBM,2017,Q3,2.28,214.91,0.99,492.8,0.0,0.26,0.46,-69706321960.0,-40.39,5.1,17.1,4.0,-15.517241379310345
SKBM,2017,Q2,1.56,371.79,1.16,499.71,0.0,0.19,0.31,9903825613.0,5.74,5.1,17.1,4.0,5.454545454545454
SKBM,2017,Q1,-1.58,-310.13,0.97,506.09,0.0,-0.18,-0.31,-54694337743.0,-31.69,5.1,17.1,4.0,-14.0625
SKBM,2016,Q4,4.49,142.54,1.93,331.8,0.0,0.42,1.35,1840235328.0,1.96,5.1,21.4,4.0,11.304347826086957
SKBM,2016,Q3,12.14,51.48,1.92,325.23,0.0,1.32,3.73,-57955810359.0,-61.88,5.1,21.4,4.0,-11.538461538461538
SKBM,2016,Q2,7.83,71.52,1.8,310.91,0.0,0.88,2.52,-8446085015.0,-9.02,5.1,21.4,4.0,28.71287128712871
SKBM,2016,Q1,5.96,92.28,1.81,303.43,0.0,0.73,1.96,-33851656086.0,-36.15,5.1,21.4,4.0,-46.56084656084656
SKBM,2015,Q4,15.5,60.97,3.15,299.96,0.0,1.9,5.17,-21920927477.0,-23.41,5.2,17.1,4.0,0.0
SKBM,2015,Q3,10.68,88.48,3.45,274.0,0.0,1.37,3.9,-19281591158.0,-20.59,5.2,17.1,4.0,5.0
SKBM,2015,Q2,11.73,76.73,3.23,278.43,0.0,1.58,4.21,-24362733069.0,-26.01,5.2,17.1,4.0,-7.216494845360824
SKBM,2015,Q1,6.57,147.64,3.42,283.98,0.0,0.96,2.31,-23486583063.0,-25.08,5.2,17.1,4.0,0.0
SKLT,2024,Q3,4.6,38.04,1.83,95.66,50337147077.0,2.25,4.81,-2081670936.0,-0.3,5.0,17.1,2.5,-5.851063829787234
SKLT,2024,Q2,3.02,60.6,2.01,91.0,26361901602.0,1.52,3.31,-25861353094.0,-3.74,5.0,17.1,2.5,38.23529411764706
SKLT,2024,Q1,3.28,43.29,1.54,92.42,34234879689.0,1.69,3.55,-65791959988.0,-9.52,5.0,17.1,2.5,-51.77304964539007
SKLT,2023,Q4,3.47,81.27,3.16,89.14,40204323521.0,1.87,3.89,-18933628820.0,-2.74,4.9,17.5,3.0,17.99163179916318
SKLT,2023,Q3,27.34,85.95,2.6,903.21,29988442882.0,1.77,3.03,21024354773.0,30.44,4.9,17.5,3.0,-7.3643410852713185
SKLT,2023,Q2,18.48,139.61,2.95,875.81,20884050994.0,1.2,2.11,-1790378713.0,-2.59,4.9,17.5,3.0,34.02597402597402
SKLT,2023,Q1,32.23,59.73,2.18,881.63,40530877341.0,2.13,3.66,-17284301272.0,-25.02,4.9,17.5,3.0,-1.282051282051282
SKLT,2022,Q4,41.72,46.74,2.3,849.41,34717306423.0,2.79,4.91,-13408257991.0,-19.41,5.2,15.5,3.0,-6.25
SKLT,2022,Q3,23.5,86.38,2.51,809.25,35210674080.0,1.73,2.9,5023009640.0,7.27,5.2,15.5,3.0,4.522613065326634
SKLT,2022,Q2,18.78,105.96,2.53,785.75,16068110934.0,1.43,2.39,-18642101526.0,-26.99,5.2,15.5,3.0,-3.3980582524271843
SKLT,2022,Q1,24.8,82.66,2.53,810.17,27721972264.0,1.89,3.06,-6227480300.0,-9.02,5.2,15.5,3.0,-14.87603305785124
SKLT,2021,Q4,57.8,41.87,3.08,785.27,45154472244.0,4.49,7.36,-59204826450.0,-85.71,3.7,17.9,3.0,-6.2015503875969
SKLT,2021,Q3,24.57,103.38,3.96,641.07,30599774237.0,2.13,3.83,135151268433.0,195.66,3.7,17.9,3.0,16.7420814479638
SKLT,2021,Q2,13.79,156.64,3.5,616.49,18030456481.0,1.2,2.24,637050646.0,0.92,3.7,17.9,3.0,10.5
SKLT,2021,Q1,26.21,76.31,3.25,616.2,29877664344.0,2.25,4.25,33823812802.0,48.97,3.7,17.9,3.0,27.79552715654952
SKLT,2020,Q4,23.49,66.62,2.65,590.0,32020415875.0,2.1,3.98,42683759974.0,61.79,-2.2,18.4,3.0,15.925925925925927
SKLT,2020,Q3,12.45,108.43,2.34,576.09,25456420647.0,1.14,2.16,31369141438.0,45.41,-2.2,18.4,3.0,-16.149068322981368
SKLT,2020,Q2,7.64,210.73,2.86,563.64,18549306528.0,0.66,1.36,19577106494.0,28.34,-2.2,18.4,3.0,0.0
SKLT,2020,Q1,17.97,89.59,2.83,569.49,25100686189.0,1.54,3.16,-3315348002.0,-4.8,-2.2,18.4,3.0,0.0
SKLT,2019,Q4,15.14,106.34,2.92,551.52,32978788816.0,1.32,2.74,2371060261.0,3.43,5.1,17.5,3.5,0.0
SKLT,2019,Q3,18.17,88.61,2.97,541.89,26113556146.0,1.57,3.35,10269217061.0,14.87,5.1,17.5,3.5,7.333333333333333
SKLT,2019,Q2,18.3,81.97,2.86,523.71,24179112110.0,1.58,3.49,-3912022543.0,-5.66,5.1,17.5,3.5,0.0
SKLT,2019,Q1,13.52,110.95,2.97,505.41,21232959815.0,1.23,2.68,9587509219.0,13.88,5.1,17.5,3.5,0.0
SKLT,2018,Q4,17.1,87.72,3.05,491.89,27012435691.0,1.58,3.48,-32020501172.0,-46.36,5.3,15.6,3.5,4.895104895104895
SKLT,2018,Q3,9.0,158.89,3.01,475.21,12630380097.0,0.86,1.89,-2655634175.0,-3.84,5.3,15.6,3.5,19.166666666666668
SKLT,2018,Q2,14.45,62.28,1.93,466.21,22459640789.0,1.46,3.1,16147858208.0,23.38,5.3,15.6,3.5,4.3478260869565215
SKLT,2018,Q1,5.94,193.6,2.55,451.76,12446621957.0,0.64,1.32,1129306813.0,1.63,5.3,15.6,3.5,4.545454545454546
SKLT,2017,Q4,9.73,113.05,2.47,445.82,0.0,1.06,2.18,-38802629509.0,-56.18,5.1,17.1,4.0,0.0
SKLT,2017,Q3,11.57,95.07,2.45,448.31,0.0,1.32,2.58,14031283977.0,20.31,5.1,17.1,4.0,0.0
SKLT,2017,Q2,7.59,144.93,2.49,441.24,0.0,0.86,1.72,-4018536445.0,-5.82,5.1,17.1,4.0,48.64864864864865
SKLT,2017,Q1,4.55,162.64,1.71,433.65,0.0,0.55,1.05,3339191537.0,4.83,5.1,17.1,4.0,140.25974025974025
SKLT,2016,Q4,8.15,37.79,0.72,429.1,0.0,0.99,1.9,-9073487915.0,-13.14,5.1,21.4,4.0,-11.999999999999998
SKLT,2016,Q3,8.02,43.64,1.44,242.22,0.0,1.44,3.31,-1368592476.0,-1.98,5.1,21.4,4.0,-4.10958904109589
SKLT,2016,Q2,11.24,32.47,1.56,234.2,0.0,1.92,4.8,4751145013.0,6.88,5.1,21.4,4.0,1.3888888888888888
SKLT,2016,Q1,2.47,145.75,1.61,222.96,0.0,0.45,1.11,-4795844872.0,-6.94,5.1,21.4,4.0,-2.7027027027027026
SKLT,2015,Q4,5.88,62.93,1.68,220.49,0.0,1.08,2.67,-3095747826.0,-4.48,5.2,17.1,4.0,0.0
SKLT,2015,Q3,8.43,43.89,1.54,240.58,0.0,1.62,3.5,7992564486.0,11.57,5.2,17.1,4.0,5.714285714285714
SKLT,2015,Q2,9.57,36.57,1.48,237.15,0.0,1.86,4.04,-896406192.0,-1.3,5.2,17.1,4.0,9.375
SKLT,2015,Q1,5.67,56.44,1.41,227.58,0.0,1.15,2.49,5906802566.0,8.55,5.2,17.1,4.0,6.666666666666667
STTP,2024,Q3,216.14,66.51,3.23,4444.23,336577160912.0,4.37,4.86,358700838346.0,273.82,5.0,17.1,2.5,28.635346756152124
STTP,2024,Q2,173.29,62.9,2.58,4228.09,238240031337.0,3.68,4.1,232917379236.0,177.8,5.0,17.1,2.5,4.439252336448598
STTP,2024,Q1,385.31,28.03,2.66,4061.67,302057078050.0,8.43,9.49,291426757278.0,222.46,5.0,17.1,2.5,14.133333333333335
STTP,2023,Q4,177.21,52.9,2.55,3676.35,257565295239.0,4.23,4.82,318561866248.0,243.18,4.9,17.5,3.0,-10.714285714285714
STTP,2023,Q3,216.11,48.59,3.0,3502.35,308803159448.0,5.39,6.17,364516298638.0,278.26,4.9,17.5,3.0,30.030959752321984
STTP,2023,Q2,123.3,65.49,2.46,3286.24,196256940092.0,3.28,3.75,72795310496.0,55.57,4.9,17.5,3.0,8.754208754208754
STTP,2023,Q1,183.91,40.24,2.34,3158.77,283277749137.0,5.0,5.82,168246808409.0,128.43,4.9,17.5,3.0,-2.941176470588235
STTP,2022,Q4,156.61,48.85,2.57,2974.86,225936307274.0,4.47,5.26,246840516619.0,188.43,5.2,15.5,3.0,0.6578947368421052
STTP,2022,Q3,124.76,60.92,2.71,2803.86,164469455633.0,3.75,4.45,252628835425.0,192.85,5.2,15.5,3.0,-7.878787878787878
STTP,2022,Q2,195.33,42.24,3.08,2679.09,81372233559.0,6.24,7.29,-88821041654.0,-67.8,5.2,15.5,3.0,18.27956989247312
STTP,2022,Q1,0.0,0.0,2.66,2621.23,178793488800.0,0.0,0.0,157427454945.0,120.17,5.2,15.5,3.0,-7.6158940397351
STTP,2021,Q4,140.6,53.7,3.02,2495.89,195878614399.0,4.7,5.63,223378496546.0,170.52,3.7,17.9,3.0,10.622710622710622
STTP,2021,Q3,129.48,52.71,2.9,2350.11,191995038865.0,4.57,5.51,189190525813.0,144.42,3.7,17.9,3.0,-21.551724137931032
STTP,2021,Q2,83.19,104.58,3.92,2219.84,124968806338.0,3.15,3.75,38136599251.0,29.11,3.7,17.9,3.0,18.771331058020476
STTP,2021,Q1,118.11,62.02,3.43,2136.2,185907577508.0,4.14,5.53,107985397163.0,82.43,3.7,17.9,3.0,-22.894736842105264
STTP,2020,Q4,113.86,83.44,4.71,2016.95,214899755830.0,4.32,5.65,304430315725.0,232.39,-2.2,18.4,3.0,43.39622641509434
STTP,2020,Q3,153.69,43.11,3.48,1901.86,247514457022.0,6.09,8.08,240659449299.0,183.71,-2.2,18.4,3.0,-17.1875
STTP,2020,Q2,78.4,102.04,4.39,1824.06,142349662115.0,3.3,4.3,-42977825070.0,-32.81,-2.2,18.4,3.0,12.280701754385964
STTP,2020,Q1,133.88,48.55,3.71,1749.93,213452588466.0,5.65,7.65,168199442240.0,128.4,-2.2,18.4,3.0,58.333333333333336
STTP,2019,Q4,80.48,55.91,2.78,1616.06,181462684899.0,3.66,4.98,162585902280.0,0.06,5.1,17.5,3.5,7.142857142857142
STTP,2019,Q3,97.99,42.86,2.74,1535.11,172481593139.0,4.64,6.38,149680112543.0,114.26,5.1,17.5,3.5,30.8411214953271
STTP,2019,Q2,86.74,37.01,2.24,1434.46,159414771872.0,4.39,6.05,15266805624.0,11.65,5.1,17.5,3.5,-2.727272727272727
STTP,2019,Q1,103.21,31.97,2.45,1347.73,175643294210.0,4.8,7.66,-68373118418.0,-52.19,5.1,17.5,3.5,-12.0
STTP,2018,Q4,42.41,88.42,3.01,1244.71,86898259189.0,2.11,3.41,17566199896.0,13.41,5.3,15.6,3.5,0.0
STTP,2018,Q3,50.57,74.15,3.11,1204.93,133388552362.0,2.58,4.2,117465618087.0,89.67,5.3,15.6,3.5,-1.3157894736842104
STTP,2018,Q2,33.06,114.94,3.29,1154.15,55707460375.0,1.82,2.86,-30078164466.0,-22.96,5.3,15.6,3.5,-6.862745098039216
STTP,2018,Q1,68.77,59.33,3.66,1116.26,135456531766.0,3.69,6.16,107994501255.0,82.44,5.3,15.6,3.5,-6.422018348623854
STTP,2017,Q4,37.92,114.98,4.16,1047.49,0.0,2.12,3.62,118451716192.0,90.42,5.1,17.1,4.0,17.20430107526882
STTP,2017,Q3,66.68,55.79,3.67,1013.43,0.0,3.76,6.58,171041600430.0,130.57,5.1,17.1,4.0,0.5405405405405406
STTP,2017,Q2,32.52,113.78,3.91,946.75,0.0,1.85,3.43,-49054078741.0,0.0,5.1,17.1,4.0,-0.2695417789757413
STTP,2017,Q1,28.05,132.26,4.07,910.51,0.0,1.54,3.08,34767354086.0,26.54,5.1,17.1,4.0,16.30094043887147
STTP,2016,Q4,54.18,58.88,3.61,882.47,0.0,3.04,6.14,126732659891.0,96.74,5.1,21.4,4.0,3.2362459546925564
STTP,2016,Q3,29.84,103.55,3.73,827.92,0.0,1.73,3.6,-45454605264.0,-34.7,5.1,21.4,4.0,-29.6127562642369
STTP,2016,Q2,10.09,436.08,5.51,798.08,0.0,0.59,1.26,-151125052313.0,-115.36,5.1,21.4,4.0,43.9344262295082
STTP,2016,Q1,39.07,78.07,3.86,790.13,0.0,2.61,4.95,81185003115.0,61.97,5.1,21.4,4.0,1.1608623548922055
STTP,2015,Q4,62.71,48.08,4.01,751.06,0.0,4.28,8.35,26897177269.0,20.53,5.2,17.1,4.0,0.0
STTP,2015,Q3,28.81,104.65,4.38,688.0,0.0,2.06,4.19,31028835631.0,23.69,5.2,17.1,4.0,-1.4705882352941175
STTP,2015,Q2,10.71,283.38,4.6,659.19,0.0,0.71,1.62,-27835827555.0,-21.25,5.2,17.1,4.0,0.16366612111292964
STTP,2015,Q1,39.55,77.24,4.69,652.08,0.0,2.91,6.06,-30831552411.0,-23.54,5.2,17.1,4.0,6.076388888888888
TBLA,2024,Q3,33.16,19.45,0.46,1402.48,685942000000.0,0.7,2.36,-729231000000.0,-121.03,5.0,17.1,2.5,4.0
TBLA,2024,Q2,13.41,46.23,0.44,1409.32,763326000000.0,0.31,0.95,251301000000.0,41.71,5.0,17.1,2.5,-6.7164179104477615
TBLA,2024,Q1,36.56,18.33,0.48,1395.91,756004000000.0,0.87,2.62,591878000000.0,98.23,5.0,17.1,2.5,-3.597122302158273
TBLA,2023,Q4,29.15,23.84,0.51,1359.35,717925000000.0,0.68,2.14,-315698000000.0,-52.39,4.9,17.5,3.0,-20.114942528735632
TBLA,2023,Q3,18.72,46.47,0.61,1420.4,379710000000.0,0.42,1.32,166394000000.0,31.15,4.9,17.5,3.0,25.179856115107913
TBLA,2023,Q2,21.91,31.49,0.49,1402.95,794616185000.0,0.49,1.56,-1848049000000.0,-345.94,4.9,17.5,3.0,1.323769535805931
TBLA,2023,Q1,40.93,16.86,0.52,1317.62,614060815000.0,0.95,3.11,-613706000000.0,-114.88,4.9,17.5,3.0,0.0
TBLA,2022,Q4,49.71,13.98,0.54,1276.69,774204000000.0,1.12,3.89,-133326000000.0,-24.96,5.2,15.5,3.0,-6.082098748528093
TBLA,2022,Q3,28.69,25.79,0.58,1266.07,791956000000.0,0.7,2.27,1487827000000.0,278.51,5.2,15.5,3.0,-8.07436216944203
TBLA,2022,Q2,33.57,23.53,0.61,1285.63,813261000000.0,0.8,2.61,-841602000000.0,-157.54,5.2,15.5,3.0,-2.4243764047013756
TBLA,2022,Q1,37.92,21.76,0.66,1252.06,699675000000.0,0.93,3.03,-783499000000.0,-146.67,5.2,15.5,3.0,3.77380133058041
TBLA,2021,Q4,45.58,17.44,0.65,1213.82,714482000000.0,1.15,3.76,431160000000.0,80.71,3.7,17.9,3.0,-4.790680742628324
TBLA,2021,Q3,32.13,25.99,0.71,1179.32,785205000000.0,0.83,2.72,-287926000000.0,-53.9,3.7,17.9,3.0,4.375910328668238
TBLA,2021,Q2,34.66,23.08,0.68,1171.88,633573000000.0,0.94,2.96,155671000000.0,29.14,3.7,17.9,3.0,-10.112935176119679
TBLA,2021,Q1,36.39,24.59,0.79,1137.22,706369000000.0,0.99,3.2,100028000000.0,18.72,3.7,17.9,3.0,-4.812579243381481
TBLA,2020,Q4,51.09,18.3,0.85,1100.33,632430000000.0,1.4,4.64,-466527000000.0,-87.33,-2.2,18.4,3.0,27.211193824097045
TBLA,2020,Q3,15.72,46.76,0.7,1046.53,762461000000.0,0.42,1.5,-150354000000.0,-28.15,-2.2,18.4,3.0,32.43267914194431
TBLA,2020,Q2,41.13,13.49,0.53,1056.63,631499000000.0,1.14,3.89,-426530000000.0,-79.84,-2.2,18.4,3.0,14.197852600854796
TBLA,2020,Q1,18.98,25.61,0.48,1018.18,643336000000.0,0.55,1.86,-300570000000.0,-56.26,-2.2,18.4,3.0,-51.15630187065305
TBLA,2019,Q4,30.15,33.0,0.99,1002.1,397855000000.0,0.93,3.01,-62493000000.0,-11.7,5.1,17.5,3.5,6.990248951353703
TBLA,2019,Q3,26.7,34.83,0.97,960.65,638633000000.0,0.86,2.78,-362079000000.0,-67.78,5.1,17.5,3.5,9.41113362736918
TBLA,2019,Q2,29.19,29.12,0.89,958.95,617802000000.0,0.94,3.04,41230000000.0,7.72,5.1,17.5,3.5,1.7958985560004799
TBLA,2019,Q1,38.04,22.08,0.9,929.76,536422000000.0,1.23,4.09,137839000000.0,25.8,5.1,17.5,3.5,-3.4672601616492935
TBLA,2018,Q4,41.19,21.0,0.97,891.72,680222000000.0,1.35,4.62,78205000000.0,14.64,5.3,15.6,3.5,-17.619585251232756
TBLA,2018,Q3,35.22,29.67,1.28,817.02,878871100344.0,1.18,4.31,-401418000000.0,-75.14,5.3,15.6,3.5,17.318948047684284
TBLA,2018,Q2,27.56,32.11,1.15,766.93,283233899656.0,0.99,3.59,-109744000000.0,-20.54,5.3,15.6,3.5,-28.685381193434573
TBLA,2018,Q1,37.88,33.13,1.6,784.27,536812000000.0,1.43,4.83,-716899000000.0,-134.2,5.3,15.6,3.5,2.449131513647634
TBLA,2017,Q4,45.83,26.73,1.64,746.39,0.0,1.75,6.14,114607000000.0,21.45,5.1,17.1,4.0,-13.73282148616443
TBLA,2017,Q3,37.9,36.68,1.9,731.0,0.0,1.44,5.18,-81932000000.0,-15.34,5.1,17.1,4.0,-3.400882271850008
TBLA,2017,Q2,42.32,34.74,2.02,729.27,0.0,1.68,5.8,-377303000000.0,-70.63,5.1,17.1,4.0,17.599377472278054
TBLA,2017,Q1,51.59,24.23,1.82,686.96,0.0,2.13,7.51,573193000000.0,107.3,5.1,17.1,4.0,26.263215532152252
TBLA,2016,Q4,27.57,35.91,1.56,635.42,0.0,1.17,4.34,-499367000000.0,-93.48,5.1,21.4,4.0,1.0204714640198516
TBLA,2016,Q3,29.65,32.88,1.63,599.17,0.0,1.44,4.95,-231190000000.0,-43.28,5.1,21.4,4.0,68.96389078140561
TBLA,2016,Q2,45.79,12.45,0.96,593.4,0.0,2.35,7.72,20467000000.0,3.83,5.1,21.4,4.0,-4.916698503396845
TBLA,2016,Q1,12.2,50.0,1.11,547.61,0.0,0.66,2.23,-441398000000.0,-82.63,5.1,21.4,4.0,19.607025072515597
TBLA,2015,Q4,8.56,59.58,0.95,534.81,0.0,0.49,1.6,-654581000000.0,-122.53,5.2,17.1,4.0,13.082159466199359
TBLA,2015,Q3,0.85,537.65,0.97,470.51,0.0,0.05,0.18,-964635000000.0,-180.57,5.2,17.1,4.0,-13.269421874086634
TBLA,2015,Q2,10.46,49.71,1.1,470.6,0.0,0.71,2.22,97786000000.0,18.3,5.2,17.1,4.0,-19.380125043199598
TBLA,2015,Q1,18.39,35.07,1.26,513.49,0.0,1.21,3.58,-48805000000.0,-9.88,5.2,17.1,4.0,-14.5690742679228
ULTJ,2024,Q3,10.91,172.78,3.08,611.39,372939000000.0,1.6,1.78,-41361000000.0,-3.58,5.0,17.1,2.5,2.168021680216802
ULTJ,2024,Q2,30.3,61.06,3.08,600.55,406445000000.0,4.2,5.04,390865000000.0,33.83,5.0,17.1,2.5,-6.582278481012659
ULTJ,2024,Q1,35.06,56.33,3.26,606.31,509326000000.0,5.08,5.78,346056000000.0,29.95,5.0,17.1,2.5,23.4375
ULTJ,2023,Q4,19.92,80.32,2.8,571.32,326046000000.0,3.06,3.49,428523000000.0,37.09,4.9,17.5,3.0,-3.614457831325301
ULTJ,2023,Q3,28.4,58.45,3.01,550.77,402932000000.0,4.25,5.16,78669000000.0,6.81,4.9,17.5,3.0,-15.306122448979592
ULTJ,2023,Q2,22.12,88.38,3.73,523.69,354956000000.0,3.27,4.22,302941000000.0,26.22,4.9,17.5,3.0,39.00709219858156
ULTJ,2023,Q1,30.75,45.85,2.67,527.28,533928000000.0,4.75,5.83,197801000000.0,17.12,4.9,17.5,3.0,-4.406779661016949
ULTJ,2022,Q4,10.91,135.2,2.97,496.71,245524000000.0,1.71,2.2,-191180000000.0,-16.55,5.2,15.5,3.0,6.115107913669065
ULTJ,2022,Q3,19.61,70.88,2.85,487.36,345113000000.0,2.81,4.02,106889000000.0,9.25,5.2,15.5,3.0,-3.8062283737024223
ULTJ,2022,Q2,27.38,52.78,2.95,490.0,429824000000.0,4.0,5.59,752000000.0,0.07,5.2,15.5,3.0,-3.6666666666666665
ULTJ,2022,Q1,25.26,59.18,3.23,462.37,426670000000.0,3.72,5.46,-30981000000.0,-2.68,5.2,15.5,3.0,-4.45859872611465
ULTJ,2021,Q4,31.27,50.21,3.59,436.85,382341000000.0,4.88,7.16,135102000000.0,11.69,3.7,17.9,3.0,2.6143790849673203
ULTJ,2021,Q3,21.65,70.67,3.76,407.37,443354000000.0,2.77,5.31,310791000000.0,26.9,3.7,17.9,3.0,-0.32573289902280134
ULTJ,2021,Q2,22.22,69.08,3.32,462.38,383778000000.0,2.76,4.81,347764000000.0,30.1,3.7,17.9,3.0,0.9868421052631579
ULTJ,2021,Q1,34.93,43.37,3.44,440.32,392976000000.0,4.42,7.93,368705000000.0,31.91,3.7,17.9,3.0,-5.0
ULTJ,2020,Q4,10.9,146.79,3.94,405.58,393792000000.0,1.44,2.69,193734000000.0,16.77,-2.2,18.4,3.0,-5.604719764011799
ULTJ,2020,Q3,36.25,46.62,4.31,392.45,292055000000.0,7.5,9.24,591178000000.0,51.17,-2.2,18.4,3.0,2.727272727272727
ULTJ,2020,Q2,10.32,159.88,3.12,528.27,314387000000.0,1.69,1.95,129808000000.0,11.24,-2.2,18.4,3.0,10.0
ULTJ,2020,Q1,37.72,42.29,3.08,517.95,401429000000.0,6.11,7.28,-99913000000.0,-8.65,-2.2,18.4,3.0,-10.714285714285714
ULTJ,2019,Q4,18.87,89.03,3.5,480.24,331175000000.0,3.3,3.93,327421000000.0,28.34,5.1,17.5,3.5,6.329113924050633
ULTJ,2019,Q3,26.46,59.71,3.42,461.85,391032000000.0,4.78,5.73,-89720000000.0,-7.77,5.1,17.5,3.5,10.48951048951049
ULTJ,2019,Q2,18.06,79.18,3.28,435.39,314210000000.0,3.38,4.15,292223000000.0,25.29,5.1,17.5,3.5,15.32258064516129
ULTJ,2019,Q1,25.96,47.77,2.89,429.33,348856000000.0,5.12,6.05,263072000000.0,22.77,5.1,17.5,3.5,-8.148148148148149
ULTJ,2018,Q4,7.61,177.4,3.35,403.36,219704000000.0,1.58,1.89,-123907000000.0,-10.72,5.3,15.6,3.5,1.5037593984962405
ULTJ,2018,Q3,21.7,61.52,3.37,395.62,348705100344.0,4.49,5.49,315600000000.0,27.32,5.3,15.6,3.5,-5.0
ULTJ,2018,Q2,16.61,81.28,3.61,373.92,181201899656.0,3.55,4.44,214156000000.0,18.54,5.3,15.6,3.5,-11.949685534591195
ULTJ,2018,Q1,14.47,109.88,4.33,367.31,298690000000.0,3.2,3.94,-169638000000.0,-14.68,5.3,15.6,3.5,22.779922779922778
ULTJ,2017,Q4,5.4,239.81,3.66,353.56,0.0,1.2,1.53,256420232729.0,22.19,5.1,17.1,4.0,3.187250996015936
ULTJ,2017,Q3,22.64,55.43,3.59,349.51,0.0,5.32,6.48,248094534945.0,21.47,5.1,17.1,4.0,-0.09950248756218905
ULTJ,2017,Q2,49.03,102.47,3.84,1307.48,0.0,3.05,3.75,-6027048019.0,-2.09,5.1,17.1,4.0,17.406542056074766
ULTJ,2017,Q1,82.29,52.01,3.33,1284.86,0.0,5.48,6.4,222224280345.0,76.94,5.1,17.1,4.0,-6.3457330415754925
ULTJ,2016,Q4,54.0,84.67,3.8,1202.57,0.0,3.68,4.49,114292069598.0,39.57,5.1,21.4,4.0,5.299539170506913
ULTJ,2016,Q3,85.0,51.06,3.77,1151.94,0.0,6.16,7.38,266125641937.0,92.14,5.1,21.4,4.0,0.9302325581395349
ULTJ,2016,Q2,46.65,92.18,4.03,1066.94,0.0,3.56,4.37,133088704148.0,46.08,5.1,21.4,4.0,11.688311688311687
ULTJ,2016,Q1,57.52,66.97,3.78,1020.29,0.0,4.6,5.64,221798632394.0,76.79,5.1,21.4,4.0,-2.4081115335868186
ULTJ,2015,Q4,43.45,90.77,4.1,962.77,0.0,3.55,4.51,141259398405.0,48.91,5.2,17.1,4.0,-0.6297229219143577
ULTJ,2015,Q3,58.62,67.89,4.34,916.91,0.0,5.0,6.39,138410435828.0,47.92,5.2,17.1,4.0,1.5345268542199488
ULTJ,2015,Q2,26.13,150.02,4.57,858.28,0.0,2.35,3.04,-15586013610.0,-5.4,5.2,17.1,4.0,-1.7587939698492463
ULTJ,2015,Q1,51.5,77.13,4.77,832.15,0.0,4.72,6.19,136661998425.0,47.31,5.2,17.1,4.0,6.989247311827956
UNVR,2024,Q3,14.23,155.31,24.54,90.07,907824000000.0,3.28,15.8,288157000000.0,7.55,5.0,17.1,2.5,-25.418060200668897
UNVR,2024,Q2,26.68,113.19,40.34,74.86,1524085000000.0,5.16,35.65,2480579000000.0,65.02,5.0,17.1,2.5,10.74074074074074
UNVR,2024,Q1,37.97,71.11,21.26,126.98,2148313000000.0,7.9,29.91,-590934000000.0,-15.49,5.0,17.1,2.5,-23.512747875354105
UNVR,2023,Q4,16.04,220.07,39.83,88.63,1066475000000.0,3.67,18.1,1708645000000.0,44.79,4.9,17.5,3.0,-5.614973262032086
UNVR,2023,Q3,37.47,99.81,26.52,141.05,2539448000000.0,7.55,26.57,1455021000000.0,38.14,4.9,17.5,3.0,-12.0
UNVR,2023,Q2,35.49,120.03,41.29,103.17,2008030000000.0,6.79,34.4,2181312000000.0,57.18,4.9,17.5,3.0,-2.2988505747126435
UNVR,2023,Q1,36.84,118.08,31.06,140.05,2095313000000.0,7.19,26.3,938082000000.0,24.59,4.9,17.5,3.0,-7.446808510638298
UNVR,2022,Q4,19.75,237.97,44.86,104.78,1307097000000.0,4.11,18.84,1403288000000.0,36.78,5.2,15.5,3.0,-2.691511387163561
UNVR,2022,Q3,30.97,155.96,32.15,150.22,1799220000000.0,5.84,20.62,1454660000000.0,38.13,5.2,15.5,3.0,1.6842105263157894
UNVR,2022,Q2,36.93,129.16,39.85,119.69,2147014000000.0,6.36,30.85,2856056000000.0,74.86,5.2,15.5,3.0,29.78142076502732
UNVR,2022,Q1,52.98,69.08,21.87,167.32,2869462000000.0,9.91,31.67,1708947000000.0,44.8,5.2,15.5,3.0,-11.165048543689322
UNVR,2021,Q4,36.16,113.66,36.28,113.27,2146435000000.0,7.23,31.92,2392948000000.0,62.72,3.7,17.9,3.0,4.8346055979643765
UNVR,2021,Q3,34.94,113.05,28.29,139.61,2054839000000.0,6.6,25.03,2024497000000.0,53.07,3.7,17.9,3.0,-20.606060606060606
UNVR,2021,Q2,35.33,140.11,47.05,105.21,2071533000000.0,6.65,33.58,2259100000000.0,59.22,3.7,17.9,3.0,-24.714828897338403
UNVR,2021,Q1,44.51,147.72,38.23,171.97,2483552000000.0,7.84,25.88,538819000000.0,14.12,3.7,17.9,3.0,-10.54421768707483
UNVR,2020,Q4,45.22,162.54,56.79,129.42,2683051000000.0,8.4,34.94,2470627000000.0,64.76,-2.2,18.4,3.0,-8.978328173374612
UNVR,2020,Q3,47.67,169.92,47.64,170.01,2582604000000.0,8.63,28.04,1469530000000.0,38.52,-2.2,18.4,3.0,1.8927444794952681
UNVR,2020,Q2,46.05,171.55,34.22,230.88,2600295000000.0,8.23,19.95,2990099000000.0,78.38,-2.2,18.4,3.0,9.310344827586208
UNVR,2020,Q1,48.83,148.47,38.31,189.23,2688498000000.0,8.65,25.8,741787000000.0,19.44,-2.2,18.4,3.0,-13.690476190476192
UNVR,2019,Q4,246.82,170.16,60.67,692.25,2943905000000.0,9.12,35.65,2711183000000.0,355.33,5.1,17.5,3.5,-9.919571045576408
UNVR,2019,Q3,237.53,195.76,51.51,902.7,2761926000000.0,8.71,26.31,1457889000000.0,191.07,5.1,17.5,3.5,3.4961154273029966
UNVR,2019,Q2,255.4,176.19,67.65,665.17,2928113000000.0,8.93,38.4,1554848000000.0,203.78,5.1,17.5,3.5,-8.481462671406806
UNVR,2019,Q1,229.16,214.81,41.44,1187.73,2616307000000.0,7.93,19.29,1496304000000.0,196.11,5.1,17.5,3.5,8.42511013215859
UNVR,2018,Q4,236.69,191.81,45.71,993.2,2677321000000.0,9.25,23.83,1973311000000.0,258.63,5.3,15.6,3.5,-2.418054809242343
UNVR,2018,Q3,494.58,95.08,40.0,1175.64,5481044000000.0,18.87,42.07,2174924000000.0,285.05,5.3,15.6,3.5,1.3616557734204793
UNVR,2018,Q2,221.59,208.04,70.18,656.85,2422481000000.0,8.24,33.74,803357000000.0,105.29,5.3,15.6,3.5,-8.47457627118644
UNVR,2018,Q1,241.04,205.46,53.89,919.07,2747100000000.0,9.09,26.23,1898588000000.0,248.83,5.3,15.6,3.5,-10.286225402504472
UNVR,2017,Q4,232.66,240.26,82.44,678.03,0.0,9.39,34.31,1322034000000.0,173.27,5.1,17.1,4.0,13.617886178861788
UNVR,2017,Q3,210.41,232.76,58.17,841.92,0.0,8.53,24.99,2166077000000.0,283.89,5.1,17.1,4.0,-0.6060606060606061
UNVR,2017,Q2,217.97,223.88,75.89,643.0,0.0,8.62,33.9,1074990000000.0,140.89,5.1,17.1,4.0,14.055299539170507
UNVR,2017,Q1,256.99,168.59,49.6,873.54,0.0,10.55,29.42,887772000000.0,116.35,5.1,17.1,4.0,11.855670103092782
UNVR,2016,Q4,214.96,180.5,62.93,616.55,0.0,9.79,34.86,1607767000000.0,210.72,5.1,21.4,4.0,-12.906846240179574
UNVR,2016,Q3,190.35,234.04,53.59,831.3,0.0,8.67,22.9,997414000000.0,130.72,5.1,21.4,4.0,-1.2195121951219512
UNVR,2016,Q2,226.5,199.01,70.33,640.95,0.0,9.13,35.34,1238042000000.0,162.26,5.1,21.4,4.0,4.883720930232558
UNVR,2016,Q1,205.77,208.61,51.2,838.45,0.0,9.43,24.54,1053940000000.0,138.13,5.1,21.4,4.0,16.216216216216218
UNVR,2015,Q4,218.69,169.19,58.48,632.68,0.0,10.61,34.57,2200957000000.0,288.46,5.2,17.1,4.0,-2.631578947368421
UNVR,2015,Q3,164.16,231.48,49.88,761.78,0.0,7.84,21.55,686820000000.0,90.02,5.2,17.1,4.0,-4.761904761904762
UNVR,2015,Q2,175.48,225.1,66.1,597.62,0.0,8.12,29.36,1151308000000.0,150.89,5.2,17.1,4.0,1.7857142857142856
UNVR,2015,Q1,208.61,190.07,47.31,838.14,0.0,10.77,24.89,787522000000.0,103.21,5.2,17.1,4.0,21.36222910216718
